<?xml version="1.0"?>
<!--<!DOCTYPE metadata SYSTEM "http://www.esri.com/metadata/esriprof80.dtd">-->
<metadata xml:lang="en"><Esri><CreaDate>20070417</CreaDate><CreaTime>10341800</CreaTime><SyncOnce>FALSE</SyncOnce><DataProperties><lineage><Process Name="Create Feature Class" ToolSource="C:\Program Files\ArcGIS\ArcToolbox\Toolboxes\Data Management Tools.tbx\CreateFeatureclass" Date="20070312" Time="170129">CreateFeatureclass "Database Connections\Connection to gis_prod.sde" streetcl_new5 # GPstcl2_Layer SAME_AS_TEMPLATE SAME_AS_TEMPLATE "PROJCS['NAD_1983_StatePlane_Pennsylvania_South_FIPS_3702_Feet',GEOGCS['GCS_North_American_1983',DATUM['D_North_American_1983',SPHEROID['GRS_1980',6378137.0,298.257222101]],PRIMEM['Greenwich',0.0],UNIT['Degree',0.0174532925199433]],PROJECTION['Lambert_Conformal_Conic'],PARAMETER['False_Easting',1968500.0],PARAMETER['False_Northing',0.0],PARAMETER['Central_Meridian',-77.75],PARAMETER['Standard_Parallel_1',39.93333333333333],PARAMETER['Standard_Parallel_2',40.96666666666667],PARAMETER['Latitude_Of_Origin',39.33333333333334],UNIT['Foot_US',0.3048006096012192]];1211161.796464 270291.741113422 7812.49999272404;0 100000;0 100000" # 0 0 0 "Database Connections\Connection to gis_prod.sde\GIS_PROD.streetcl_new5"</Process><Process Name="Append" ToolSource="C:\Program Files\ArcGIS\ArcToolbox\Toolboxes\Data Management Tools.tbx\Append" Date="20070312" Time="170208">Append GPstcl2_Layer "Database Connections\Connection to gis_prod.sde\GIS_PROD.streetcl_new5" TEST "Database Connections\Connection to gis_prod.sde\GIS_PROD.streetcl_new5"</Process><Process Name="FeatureClassToFeatureClass_2" ToolSource="C:\Program Files\ArcGIS\ArcToolbox\Toolboxes\Conversion Tools.tbx\FeatureClassToFeatureClass" Date="20070312" Time="170211">FeatureClassToFeatureClass V:\GIS-ADMIN\Workspaces\Reinhold\Shapefiles\GPstcl2.shp "Database Connections\Connection to gis_prod.sde" streetcl_new5 # "OBJECTID OBJECTID VISIBLE;FNODE_NO FNODE_NO VISIBLE;TNODE_NO TNODE_NO VISIBLE;LPOLY_NO LPOLY_NO VISIBLE;RPOLY_NO RPOLY_NO VISIBLE;LENGTH LENGTH VISIBLE;STREETCL_N STREETCL_N VISIBLE;STREETCL_I STREETCL_I VISIBLE;PREFIX PREFIX VISIBLE;NAME NAME VISIBLE;TYPE TYPE VISIBLE;SUFFIX SUFFIX VISIBLE;DIR DIR VISIBLE;STREETNAME STREETNAME VISIBLE;ALTERNATEN ALTERNATEN VISIBLE;LLEFT LLEFT VISIBLE;HLEFT HLEFT VISIBLE;LRGT LRGT VISIBLE;HRGT HRGT VISIBLE;FROMSTREET FROMSTREET VISIBLE;TOSTREET TOSTREET VISIBLE;ZIPL ZIPL VISIBLE;ZIPR ZIPR VISIBLE;MCDL MCDL VISIBLE;MCDR MCDR VISIBLE;OWNER OWNER VISIBLE;BELTWAY BELTWAY VISIBLE;MAJORRD MAJORRD VISIBLE;NO_LANES NO_LANES VISIBLE;CFCC CFCC VISIBLE;GDTLINK GDTLINK VISIBLE;ONEWAY ONEWAY VISIBLE;STCL_CODE STCL_CODE VISIBLE;UNIQUE_ID UNIQUE_ID VISIBLE;ROUTE_NO ROUTE_NO VISIBLE;STD_RNG STD_RNG VISIBLE;SHAPE_LEN SHAPE_LEN VISIBLE;CHECKED CHECKED VISIBLE;CHANGED CHANGED VISIBLE;StAdded StAdded VISIBLE;CLType CLType VISIBLE;HalfVac HalfVac VISIBLE" SAME_AS_TEMPLATE SAME_AS_TEMPLATE # 0 "Database Connections\Connection to gis_prod.sde\GIS_PROD.streetcl_new5"</Process><Process Name="FeatureClassToFeatureClass_1" ToolSource="C:\Program Files\ArcGIS\ArcToolbox\Toolboxes\Conversion Tools.tbx\FeatureClassToFeatureClass" Date="20070402" Time="095225">FeatureClassToFeatureClass "Database Connections\GIS_Prod.sde\GIS_PROD.streetcl_new" "Database Connections\Connection to gis0011.sde" streetcl_new2 # "OBJECTID OBJECTID true true false 4 Long 0 10 ,First,#,Database Connections\GIS_Prod.sde\GIS_PROD.streetcl_new,OBJECTID,-1,-1;FNODE_NO FNODE_NO true true false 4 Long 0 10 ,First,#,Database Connections\GIS_Prod.sde\GIS_PROD.streetcl_new,FNODE_NO,-1,-1;TNODE_NO TNODE_NO true true false 4 Long 0 10 ,First,#,Database Connections\GIS_Prod.sde\GIS_PROD.streetcl_new,TNODE_NO,-1,-1;LPOLY_NO LPOLY_NO true true false 4 Long 0 10 ,First,#,Database Connections\GIS_Prod.sde\GIS_PROD.streetcl_new,LPOLY_NO,-1,-1;RPOLY_NO RPOLY_NO true true false 4 Long 0 10 ,First,#,Database Connections\GIS_Prod.sde\GIS_PROD.streetcl_new,RPOLY_NO,-1,-1;LENGTH LENGTH true true false 8 Double 8 19 ,First,#,Database Connections\GIS_Prod.sde\GIS_PROD.streetcl_new,LENGTH,-1,-1;STREETCL_N STREETCL_N true true false 4 Long 0 10 ,First,#,Database Connections\GIS_Prod.sde\GIS_PROD.streetcl_new,STREETCL_N,-1,-1;STREETCL_I STREETCL_I true true false 4 Long 0 10 ,First,#,Database Connections\GIS_Prod.sde\GIS_PROD.streetcl_new,STREETCL_I,-1,-1;PREFIX PREFIX true true false 2 Text 0 0 ,First,#,Database Connections\GIS_Prod.sde\GIS_PROD.streetcl_new,PREFIX,-1,-1;NAME NAME true true false 35 Text 0 0 ,First,#,Database Connections\GIS_Prod.sde\GIS_PROD.streetcl_new,NAME,-1,-1;TYPE TYPE true true false 4 Text 0 0 ,First,#,Database Connections\GIS_Prod.sde\GIS_PROD.streetcl_new,TYPE,-1,-1;SUFFIX SUFFIX true true false 2 Text 0 0 ,First,#,Database Connections\GIS_Prod.sde\GIS_PROD.streetcl_new,SUFFIX,-1,-1;DIR DIR true true false 3 Text 0 0 ,First,#,Database Connections\GIS_Prod.sde\GIS_PROD.streetcl_new,DIR,-1,-1;STREETNAME STREETNAME true true false 50 Text 0 0 ,First,#,Database Connections\GIS_Prod.sde\GIS_PROD.streetcl_new,STREETNAME,-1,-1;ALTERNATEN ALTERNATEN true true false 50 Text 0 0 ,First,#,Database Connections\GIS_Prod.sde\GIS_PROD.streetcl_new,ALTERNATEN,-1,-1;LLEFT LLEFT true true false 4 Long 0 10 ,First,#,Database Connections\GIS_Prod.sde\GIS_PROD.streetcl_new,LLEFT,-1,-1;HLEFT HLEFT true true false 4 Long 0 10 ,First,#,Database Connections\GIS_Prod.sde\GIS_PROD.streetcl_new,HLEFT,-1,-1;LRGT LRGT true true false 4 Long 0 10 ,First,#,Database Connections\GIS_Prod.sde\GIS_PROD.streetcl_new,LRGT,-1,-1;HRGT HRGT true true false 4 Long 0 10 ,First,#,Database Connections\GIS_Prod.sde\GIS_PROD.streetcl_new,HRGT,-1,-1;FROMSTREET FROMSTREET true true false 50 Text 0 0 ,First,#,Database Connections\GIS_Prod.sde\GIS_PROD.streetcl_new,FROMSTREET,-1,-1;TOSTREET TOSTREET true true false 50 Text 0 0 ,First,#,Database Connections\GIS_Prod.sde\GIS_PROD.streetcl_new,TOSTREET,-1,-1;ZIPL ZIPL true true false 10 Text 0 0 ,First,#,Database Connections\GIS_Prod.sde\GIS_PROD.streetcl_new,ZIPL,-1,-1;ZIPR ZIPR true true false 10 Text 0 0 ,First,#,Database Connections\GIS_Prod.sde\GIS_PROD.streetcl_new,ZIPR,-1,-1;MCDL MCDL true true false 10 Text 0 0 ,First,#,Database Connections\GIS_Prod.sde\GIS_PROD.streetcl_new,MCDL,-1,-1;MCDR MCDR true true false 10 Text 0 0 ,First,#,Database Connections\GIS_Prod.sde\GIS_PROD.streetcl_new,MCDR,-1,-1;OWNER OWNER true true false 20 Text 0 0 ,First,#,Database Connections\GIS_Prod.sde\GIS_PROD.streetcl_new,OWNER,-1,-1;BELTWAY BELTWAY true true false 20 Text 0 0 ,First,#,Database Connections\GIS_Prod.sde\GIS_PROD.streetcl_new,BELTWAY,-1,-1;MAJORRD MAJORRD true true false 20 Text 0 0 ,First,#,Database Connections\GIS_Prod.sde\GIS_PROD.streetcl_new,MAJORRD,-1,-1;NO_LANES NO_LANES true true false 4 Long 0 10 ,First,#,Database Connections\GIS_Prod.sde\GIS_PROD.streetcl_new,NO_LANES,-1,-1;CFCC CFCC true true false 4 Text 0 0 ,First,#,Database Connections\GIS_Prod.sde\GIS_PROD.streetcl_new,CFCC,-1,-1;GDTLINK GDTLINK true true false 10 Text 0 0 ,First,#,Database Connections\GIS_Prod.sde\GIS_PROD.streetcl_new,GDTLINK,-1,-1;ONEWAY ONEWAY true true false 2 Text 0 0 ,First,#,Database Connections\GIS_Prod.sde\GIS_PROD.streetcl_new,ONEWAY,-1,-1;STCL_CODE STCL_CODE true true false 4 Long 0 10 ,First,#,Database Connections\GIS_Prod.sde\GIS_PROD.streetcl_new,STCL_CODE,-1,-1;UNIQUE_ID UNIQUE_ID true true false 4 Long 0 10 ,First,#,Database Connections\GIS_Prod.sde\GIS_PROD.streetcl_new,UNIQUE_ID,-1,-1;ROUTE_NO ROUTE_NO true true false 10 Text 0 0 ,First,#,Database Connections\GIS_Prod.sde\GIS_PROD.streetcl_new,ROUTE_NO,-1,-1;STD_RNG STD_RNG true true false 1 Text 0 0 ,First,#,Database Connections\GIS_Prod.sde\GIS_PROD.streetcl_new,STD_RNG,-1,-1;CHECKED CHECKED true true false 36 Date 0 0 ,First,#,Database Connections\GIS_Prod.sde\GIS_PROD.streetcl_new,CHECKED,-1,-1;CHANGED CHANGED true true false 1 Text 0 0 ,First,#,Database Connections\GIS_Prod.sde\GIS_PROD.streetcl_new,CHANGED,-1,-1;STADDED STADDED true true false 1 Text 0 0 ,First,#,Database Connections\GIS_Prod.sde\GIS_PROD.streetcl_new,STADDED,-1,-1;CLTYPE CLTYPE true true false 1 Text 0 0 ,First,#,Database Connections\GIS_Prod.sde\GIS_PROD.streetcl_new,CLTYPE,-1,-1;HALFVAC HALFVAC true true false 10 Text 0 0 ,First,#,Database Connections\GIS_Prod.sde\GIS_PROD.streetcl_new,HALFVAC,-1,-1;CEN20LT CEN20LT true true false 4 Text 0 0 ,First,#,Database Connections\GIS_Prod.sde\GIS_PROD.streetcl_new,CEN20LT,-1,-1;CEN20RG CEN20RG true true false 4 Text 0 0 ,First,#,Database Connections\GIS_Prod.sde\GIS_PROD.streetcl_new,CEN20RG,-1,-1;LEN LEN false false true 0 Double 0 0 ,First,#,Database Connections\GIS_Prod.sde\GIS_PROD.streetcl_new,SHAPE.LEN,-1,-1" # "Database Connections\Connection to gis0011.sde\GIS_PROD.streetcl_new2"</Process><Process ToolSource="C:\Program Files\ArcGIS\ArcToolbox\Toolboxes\Conversion Tools.tbx\FeatureClassToFeatureClass" Date="20091102" Time="094700">FeatureClassToFeatureClass C:\TempStreetGuidebook\streetcl_4_2007.shp "V:\GIS-ADMIN\Current Data\Current_Data.gdb" StreetCenterlines # "OBJECTID_1 'OBJECTID_1' true true false 10 Double 0 10 ,First,#,C:\TempStreetGuidebook\streetcl_4_2007.shp,OBJECTID_1,-1,-1;OBJECTID 'OBJECTID' true true false 10 Double 0 10 ,First,#,C:\TempStreetGuidebook\streetcl_4_2007.shp,OBJECTID,-1,-1;FNODE_NO 'FNODE_NO' true true false 10 Double 0 10 ,First,#,C:\TempStreetGuidebook\streetcl_4_2007.shp,FNODE_NO,-1,-1;TNODE_NO 'TNODE_NO' true true false 10 Double 0 10 ,First,#,C:\TempStreetGuidebook\streetcl_4_2007.shp,TNODE_NO,-1,-1;LPOLY_NO 'LPOLY_NO' true true false 10 Double 0 10 ,First,#,C:\TempStreetGuidebook\streetcl_4_2007.shp,LPOLY_NO,-1,-1;RPOLY_NO 'RPOLY_NO' true true false 10 Double 0 10 ,First,#,C:\TempStreetGuidebook\streetcl_4_2007.shp,RPOLY_NO,-1,-1;LENGTH 'LENGTH' true true false 19 Double 8 18 ,First,#,C:\TempStreetGuidebook\streetcl_4_2007.shp,LENGTH,-1,-1;STREETCL_N 'STREETCL_N' true true false 10 Double 0 10 ,First,#,C:\TempStreetGuidebook\streetcl_4_2007.shp,STREETCL_N,-1,-1;STREETCL_I 'STREETCL_I' true true false 10 Double 0 10 ,First,#,C:\TempStreetGuidebook\streetcl_4_2007.shp,STREETCL_I,-1,-1;PREFIX 'PREFIX' true true false 2 Text 0 0 ,First,#,C:\TempStreetGuidebook\streetcl_4_2007.shp,PREFIX,-1,-1;NAME 'NAME' true true false 35 Text 0 0 ,First,#,C:\TempStreetGuidebook\streetcl_4_2007.shp,NAME,-1,-1;TYPE 'TYPE' true true false 4 Text 0 0 ,First,#,C:\TempStreetGuidebook\streetcl_4_2007.shp,TYPE,-1,-1;SUFFIX 'SUFFIX' true true false 2 Text 0 0 ,First,#,C:\TempStreetGuidebook\streetcl_4_2007.shp,SUFFIX,-1,-1;DIR 'DIR' true true false 3 Text 0 0 ,First,#,C:\TempStreetGuidebook\streetcl_4_2007.shp,DIR,-1,-1;STREETNAME 'STREETNAME' true true false 50 Text 0 0 ,First,#,C:\TempStreetGuidebook\streetcl_4_2007.shp,STREETNAME,-1,-1;ALTERNATEN 'ALTERNATEN' true true false 50 Text 0 0 ,First,#,C:\TempStreetGuidebook\streetcl_4_2007.shp,ALTERNATEN,-1,-1;LLEFT 'LLEFT' true true false 10 Double 0 10 ,First,#,C:\TempStreetGuidebook\streetcl_4_2007.shp,LLEFT,-1,-1;HLEFT 'HLEFT' true true false 10 Double 0 10 ,First,#,C:\TempStreetGuidebook\streetcl_4_2007.shp,HLEFT,-1,-1;LRGT 'LRGT' true true false 10 Double 0 10 ,First,#,C:\TempStreetGuidebook\streetcl_4_2007.shp,LRGT,-1,-1;HRGT 'HRGT' true true false 10 Double 0 10 ,First,#,C:\TempStreetGuidebook\streetcl_4_2007.shp,HRGT,-1,-1;FROMSTREET 'FROMSTREET' true true false 50 Text 0 0 ,First,#,C:\TempStreetGuidebook\streetcl_4_2007.shp,FROMSTREET,-1,-1;TOSTREET 'TOSTREET' true true false 50 Text 0 0 ,First,#,C:\TempStreetGuidebook\streetcl_4_2007.shp,TOSTREET,-1,-1;ZIPL 'ZIPL' true true false 10 Text 0 0 ,First,#,C:\TempStreetGuidebook\streetcl_4_2007.shp,ZIPL,-1,-1;ZIPR 'ZIPR' true true false 10 Text 0 0 ,First,#,C:\TempStreetGuidebook\streetcl_4_2007.shp,ZIPR,-1,-1;MCDL 'MCDL' true true false 10 Text 0 0 ,First,#,C:\TempStreetGuidebook\streetcl_4_2007.shp,MCDL,-1,-1;MCDR 'MCDR' true true false 10 Text 0 0 ,First,#,C:\TempStreetGuidebook\streetcl_4_2007.shp,MCDR,-1,-1;OWNER 'OWNER' true true false 20 Text 0 0 ,First,#,C:\TempStreetGuidebook\streetcl_4_2007.shp,OWNER,-1,-1;BELTWAY 'BELTWAY' true true false 20 Text 0 0 ,First,#,C:\TempStreetGuidebook\streetcl_4_2007.shp,BELTWAY,-1,-1;MAJORRD 'MAJORRD' true true false 20 Text 0 0 ,First,#,C:\TempStreetGuidebook\streetcl_4_2007.shp,MAJORRD,-1,-1;NO_LANES 'NO_LANES' true true false 10 Double 0 10 ,First,#,C:\TempStreetGuidebook\streetcl_4_2007.shp,NO_LANES,-1,-1;CFCC 'CFCC' true true false 4 Text 0 0 ,First,#,C:\TempStreetGuidebook\streetcl_4_2007.shp,CFCC,-1,-1;GDTLINK 'GDTLINK' true true false 10 Text 0 0 ,First,#,C:\TempStreetGuidebook\streetcl_4_2007.shp,GDTLINK,-1,-1;ONEWAY 'ONEWAY' true true false 2 Text 0 0 ,First,#,C:\TempStreetGuidebook\streetcl_4_2007.shp,ONEWAY,-1,-1;STCL_CODE 'STCL_CODE' true true false 10 Double 0 10 ,First,#,C:\TempStreetGuidebook\streetcl_4_2007.shp,STCL_CODE,-1,-1;UNIQUE_ID 'UNIQUE_ID' true true false 10 Double 0 10 ,First,#,C:\TempStreetGuidebook\streetcl_4_2007.shp,UNIQUE_ID,-1,-1;ROUTE_NO 'ROUTE_NO' true true false 10 Text 0 0 ,First,#,C:\TempStreetGuidebook\streetcl_4_2007.shp,ROUTE_NO,-1,-1;STD_RNG 'STD_RNG' true true false 1 Text 0 0 ,First,#,C:\TempStreetGuidebook\streetcl_4_2007.shp,STD_RNG,-1,-1;CHECKED 'CHECKED' true true false 8 Date 0 0 ,First,#,C:\TempStreetGuidebook\streetcl_4_2007.shp,CHECKED,-1,-1;CHANGED 'CHANGED' true true false 1 Text 0 0 ,First,#,C:\TempStreetGuidebook\streetcl_4_2007.shp,CHANGED,-1,-1;STADDED 'STADDED' true true false 1 Text 0 0 ,First,#,C:\TempStreetGuidebook\streetcl_4_2007.shp,STADDED,-1,-1;CLTYPE 'CLTYPE' true true false 1 Text 0 0 ,First,#,C:\TempStreetGuidebook\streetcl_4_2007.shp,CLTYPE,-1,-1;HALFVAC 'HALFVAC' true true false 10 Text 0 0 ,First,#,C:\TempStreetGuidebook\streetcl_4_2007.shp,HALFVAC,-1,-1;CEN20LT 'CEN20LT' true true false 4 Text 0 0 ,First,#,C:\TempStreetGuidebook\streetcl_4_2007.shp,CEN20LT,-1,-1;CEN20RG 'CEN20RG' true true false 4 Text 0 0 ,First,#,C:\TempStreetGuidebook\streetcl_4_2007.shp,CEN20RG,-1,-1;ZONE_LEFT 'ZONE_LEFT' true true false 1 Text 0 0 ,First,#,C:\TempStreetGuidebook\streetcl_4_2007.shp,ZONE_LEFT,-1,-1;ZONE_RIGHT 'ZONE_RIGHT' true true false 1 Text 0 0 ,First,#,C:\TempStreetGuidebook\streetcl_4_2007.shp,ZONE_RIGHT,-1,-1;HOOD_LEFT 'HOOD_LEFT' true true false 40 Text 0 0 ,First,#,C:\TempStreetGuidebook\streetcl_4_2007.shp,HOOD_LEFT,-1,-1;HOOD_RIGHT 'HOOD_RIGHT' true true false 40 Text 0 0 ,First,#,C:\TempStreetGuidebook\streetcl_4_2007.shp,HOOD_RIGHT,-1,-1;SHAPE_LEN 'SHAPE_LEN' true true false 19 Double 0 0 ,First,#,C:\TempStreetGuidebook\streetcl_4_2007.shp,SHAPE_LEN,-1,-1;DPW_ZON_LT 'DPW_ZON_LT' true true false 1 Text 0 0 ,First,#,C:\TempStreetGuidebook\streetcl_4_2007.shp,DPW_ZON_LT,-1,-1;DPW_ZON_RT 'DPW_ZON_RT' true true false 1 Text 0 0 ,First,#,C:\TempStreetGuidebook\streetcl_4_2007.shp,DPW_ZON_RT,-1,-1;FIRE_ZN_LT 'FIRE_ZN_LT' true true false 4 Text 0 0 ,First,#,C:\TempStreetGuidebook\streetcl_4_2007.shp,FIRE_ZN_LT,-1,-1;FIRE_ZN_RT 'FIRE_ZN_RT' true true false 4 Text 0 0 ,First,#,C:\TempStreetGuidebook\streetcl_4_2007.shp,FIRE_ZN_RT,-1,-1;WARD_LT 'WARD_LT' true true false 2 Text 0 0 ,First,#,C:\TempStreetGuidebook\streetcl_4_2007.shp,WARD_LT,-1,-1;WARD_RG 'WARD_RG' true true false 2 Text 0 0 ,First,#,C:\TempStreetGuidebook\streetcl_4_2007.shp,WARD_RG,-1,-1;NH_L 'NH_L' true true false 2 Text 0 0 ,First,#,C:\TempStreetGuidebook\streetcl_4_2007.shp,NH_L,-1,-1;NH_R 'NH_R' true true false 2 Text 0 0 ,First,#,C:\TempStreetGuidebook\streetcl_4_2007.shp,NH_R,-1,-1;COUNCIL_LT 'COUNCIL_LT' true true false 1 Text 0 0 ,First,#,C:\TempStreetGuidebook\streetcl_4_2007.shp,COUNCIL_LT,-1,-1;COUNCIL_RT 'COUNCIL_RT' true true false 1 Text 0 0 ,First,#,C:\TempStreetGuidebook\streetcl_4_2007.shp,COUNCIL_RT,-1,-1;VOTE_DT_LT 'VOTE_DT_LT' true true false 2 Text 0 0 ,First,#,C:\TempStreetGuidebook\streetcl_4_2007.shp,VOTE_DT_LT,-1,-1;VOTE_DT_RT 'VOTE_DT_RT' true true false 2 Text 0 0 ,First,#,C:\TempStreetGuidebook\streetcl_4_2007.shp,VOTE_DT_RT,-1,-1;CLASS 'CLASS' true true false 20 Text 0 0 ,First,#,C:\TempStreetGuidebook\streetcl_4_2007.shp,CLASS,-1,-1;PavedDate 'PavedDate' true true false 8 Date 0 0 ,First,#,C:\TempStreetGuidebook\streetcl_4_2007.shp,PavedDate,-1,-1;TruckRoute 'TruckRoute' true true false 1 Text 0 0 ,First,#,C:\TempStreetGuidebook\streetcl_4_2007.shp,TruckRoute,-1,-1" # "V:\GIS-ADMIN\Current Data\Current_Data.gdb\StreetCenterlines"</Process><Process ToolSource="C:\Program Files\ArcGIS\ArcToolbox\Toolboxes\Conversion Tools.tbx\FeatureClassToFeatureClass" Date="20091103" Time="112041">FeatureClassToFeatureClass "V:\GIS-ADMIN\Current Data\Current_Data.gdb\StreetCenterlines" "Database Connections\Connection to gis0011.sde" StreetCenterlines # "OBJECTID_1 'OBJECTID_1' true true false 8 Double 0 0 ,First,#,V:\GIS-ADMIN\Current Data\Current_Data.gdb\StreetCenterlines,OBJECTID_1,-1,-1;OBJECTID 'OBJECTID' true true false 8 Double 0 0 ,First,#,V:\GIS-ADMIN\Current Data\Current_Data.gdb\StreetCenterlines,OBJECTID,-1,-1;FNODE_NO 'FNODE_NO' true true false 8 Double 0 0 ,First,#,V:\GIS-ADMIN\Current Data\Current_Data.gdb\StreetCenterlines,FNODE_NO,-1,-1;TNODE_NO 'TNODE_NO' true true false 8 Double 0 0 ,First,#,V:\GIS-ADMIN\Current Data\Current_Data.gdb\StreetCenterlines,TNODE_NO,-1,-1;LPOLY_NO 'LPOLY_NO' true true false 8 Double 0 0 ,First,#,V:\GIS-ADMIN\Current Data\Current_Data.gdb\StreetCenterlines,LPOLY_NO,-1,-1;RPOLY_NO 'RPOLY_NO' true true false 8 Double 0 0 ,First,#,V:\GIS-ADMIN\Current Data\Current_Data.gdb\StreetCenterlines,RPOLY_NO,-1,-1;LENGTH 'LENGTH' true true false 8 Double 0 0 ,First,#,V:\GIS-ADMIN\Current Data\Current_Data.gdb\StreetCenterlines,LENGTH,-1,-1;STREETCL_N 'STREETCL_N' true true false 8 Double 0 0 ,First,#,V:\GIS-ADMIN\Current Data\Current_Data.gdb\StreetCenterlines,STREETCL_N,-1,-1;STREETCL_I 'STREETCL_I' true true false 8 Double 0 0 ,First,#,V:\GIS-ADMIN\Current Data\Current_Data.gdb\StreetCenterlines,STREETCL_I,-1,-1;PREFIX 'PREFIX' true true false 2 Text 0 0 ,First,#,V:\GIS-ADMIN\Current Data\Current_Data.gdb\StreetCenterlines,PREFIX,-1,-1;NAME 'NAME' true true false 35 Text 0 0 ,First,#,V:\GIS-ADMIN\Current Data\Current_Data.gdb\StreetCenterlines,NAME,-1,-1;TYPE 'TYPE' true true false 4 Text 0 0 ,First,#,V:\GIS-ADMIN\Current Data\Current_Data.gdb\StreetCenterlines,TYPE,-1,-1;SUFFIX 'SUFFIX' true true false 2 Text 0 0 ,First,#,V:\GIS-ADMIN\Current Data\Current_Data.gdb\StreetCenterlines,SUFFIX,-1,-1;DIR 'DIR' true true false 3 Text 0 0 ,First,#,V:\GIS-ADMIN\Current Data\Current_Data.gdb\StreetCenterlines,DIR,-1,-1;STREETNAME 'STREETNAME' true true false 50 Text 0 0 ,First,#,V:\GIS-ADMIN\Current Data\Current_Data.gdb\StreetCenterlines,STREETNAME,-1,-1;ALTERNATEN 'ALTERNATEN' true true false 50 Text 0 0 ,First,#,V:\GIS-ADMIN\Current Data\Current_Data.gdb\StreetCenterlines,ALTERNATEN,-1,-1;LLEFT 'LLEFT' true true false 8 Double 0 0 ,First,#,V:\GIS-ADMIN\Current Data\Current_Data.gdb\StreetCenterlines,LLEFT,-1,-1;HLEFT 'HLEFT' true true false 8 Double 0 0 ,First,#,V:\GIS-ADMIN\Current Data\Current_Data.gdb\StreetCenterlines,HLEFT,-1,-1;LRGT 'LRGT' true true false 8 Double 0 0 ,First,#,V:\GIS-ADMIN\Current Data\Current_Data.gdb\StreetCenterlines,LRGT,-1,-1;HRGT 'HRGT' true true false 8 Double 0 0 ,First,#,V:\GIS-ADMIN\Current Data\Current_Data.gdb\StreetCenterlines,HRGT,-1,-1;FROMSTREET 'FROMSTREET' true true false 50 Text 0 0 ,First,#,V:\GIS-ADMIN\Current Data\Current_Data.gdb\StreetCenterlines,FROMSTREET,-1,-1;TOSTREET 'TOSTREET' true true false 50 Text 0 0 ,First,#,V:\GIS-ADMIN\Current Data\Current_Data.gdb\StreetCenterlines,TOSTREET,-1,-1;ZIPL 'ZIPL' true true false 10 Text 0 0 ,First,#,V:\GIS-ADMIN\Current Data\Current_Data.gdb\StreetCenterlines,ZIPL,-1,-1;ZIPR 'ZIPR' true true false 10 Text 0 0 ,First,#,V:\GIS-ADMIN\Current Data\Current_Data.gdb\StreetCenterlines,ZIPR,-1,-1;MCDL 'MCDL' true true false 10 Text 0 0 ,First,#,V:\GIS-ADMIN\Current Data\Current_Data.gdb\StreetCenterlines,MCDL,-1,-1;MCDR 'MCDR' true true false 10 Text 0 0 ,First,#,V:\GIS-ADMIN\Current Data\Current_Data.gdb\StreetCenterlines,MCDR,-1,-1;OWNER 'OWNER' true true false 20 Text 0 0 ,First,#,V:\GIS-ADMIN\Current Data\Current_Data.gdb\StreetCenterlines,OWNER,-1,-1;BELTWAY 'BELTWAY' true true false 20 Text 0 0 ,First,#,V:\GIS-ADMIN\Current Data\Current_Data.gdb\StreetCenterlines,BELTWAY,-1,-1;MAJORRD 'MAJORRD' true true false 20 Text 0 0 ,First,#,V:\GIS-ADMIN\Current Data\Current_Data.gdb\StreetCenterlines,MAJORRD,-1,-1;NO_LANES 'NO_LANES' true true false 8 Double 0 0 ,First,#,V:\GIS-ADMIN\Current Data\Current_Data.gdb\StreetCenterlines,NO_LANES,-1,-1;CFCC 'CFCC' true true false 4 Text 0 0 ,First,#,V:\GIS-ADMIN\Current Data\Current_Data.gdb\StreetCenterlines,CFCC,-1,-1;GDTLINK 'GDTLINK' true true false 10 Text 0 0 ,First,#,V:\GIS-ADMIN\Current Data\Current_Data.gdb\StreetCenterlines,GDTLINK,-1,-1;ONEWAY 'ONEWAY' true true false 2 Text 0 0 ,First,#,V:\GIS-ADMIN\Current Data\Current_Data.gdb\StreetCenterlines,ONEWAY,-1,-1;STCL_CODE 'STCL_CODE' true true false 8 Double 0 0 ,First,#,V:\GIS-ADMIN\Current Data\Current_Data.gdb\StreetCenterlines,STCL_CODE,-1,-1;UNIQUE_ID 'UNIQUE_ID' true true false 8 Double 0 0 ,First,#,V:\GIS-ADMIN\Current Data\Current_Data.gdb\StreetCenterlines,UNIQUE_ID,-1,-1;ROUTE_NO 'ROUTE_NO' true true false 10 Text 0 0 ,First,#,V:\GIS-ADMIN\Current Data\Current_Data.gdb\StreetCenterlines,ROUTE_NO,-1,-1;STD_RNG 'STD_RNG' true true false 1 Text 0 0 ,First,#,V:\GIS-ADMIN\Current Data\Current_Data.gdb\StreetCenterlines,STD_RNG,-1,-1;CHECKED 'CHECKED' true true false 8 Date 0 0 ,First,#,V:\GIS-ADMIN\Current Data\Current_Data.gdb\StreetCenterlines,CHECKED,-1,-1;CHANGED 'CHANGED' true true false 1 Text 0 0 ,First,#,V:\GIS-ADMIN\Current Data\Current_Data.gdb\StreetCenterlines,CHANGED,-1,-1;STADDED 'STADDED' true true false 1 Text 0 0 ,First,#,V:\GIS-ADMIN\Current Data\Current_Data.gdb\StreetCenterlines,STADDED,-1,-1;CLTYPE 'CLTYPE' true true false 1 Text 0 0 ,First,#,V:\GIS-ADMIN\Current Data\Current_Data.gdb\StreetCenterlines,CLTYPE,-1,-1;HALFVAC 'HALFVAC' true true false 10 Text 0 0 ,First,#,V:\GIS-ADMIN\Current Data\Current_Data.gdb\StreetCenterlines,HALFVAC,-1,-1;CEN20LT 'CEN20LT' true true false 4 Text 0 0 ,First,#,V:\GIS-ADMIN\Current Data\Current_Data.gdb\StreetCenterlines,CEN20LT,-1,-1;CEN20RG 'CEN20RG' true true false 4 Text 0 0 ,First,#,V:\GIS-ADMIN\Current Data\Current_Data.gdb\StreetCenterlines,CEN20RG,-1,-1;ZONE_LEFT 'ZONE_LEFT' true true false 1 Text 0 0 ,First,#,V:\GIS-ADMIN\Current Data\Current_Data.gdb\StreetCenterlines,ZONE_LEFT,-1,-1;ZONE_RIGHT 'ZONE_RIGHT' true true false 1 Text 0 0 ,First,#,V:\GIS-ADMIN\Current Data\Current_Data.gdb\StreetCenterlines,ZONE_RIGHT,-1,-1;HOOD_LEFT 'HOOD_LEFT' true true false 40 Text 0 0 ,First,#,V:\GIS-ADMIN\Current Data\Current_Data.gdb\StreetCenterlines,HOOD_LEFT,-1,-1;HOOD_RIGHT 'HOOD_RIGHT' true true false 40 Text 0 0 ,First,#,V:\GIS-ADMIN\Current Data\Current_Data.gdb\StreetCenterlines,HOOD_RIGHT,-1,-1;DPW_ZON_LT 'DPW_ZON_LT' true true false 1 Text 0 0 ,First,#,V:\GIS-ADMIN\Current Data\Current_Data.gdb\StreetCenterlines,DPW_ZON_LT,-1,-1;DPW_ZON_RT 'DPW_ZON_RT' true true false 1 Text 0 0 ,First,#,V:\GIS-ADMIN\Current Data\Current_Data.gdb\StreetCenterlines,DPW_ZON_RT,-1,-1;FIRE_ZN_LT 'FIRE_ZN_LT' true true false 4 Text 0 0 ,First,#,V:\GIS-ADMIN\Current Data\Current_Data.gdb\StreetCenterlines,FIRE_ZN_LT,-1,-1;FIRE_ZN_RT 'FIRE_ZN_RT' true true false 4 Text 0 0 ,First,#,V:\GIS-ADMIN\Current Data\Current_Data.gdb\StreetCenterlines,FIRE_ZN_RT,-1,-1;WARD_LT 'WARD_LT' true true false 2 Text 0 0 ,First,#,V:\GIS-ADMIN\Current Data\Current_Data.gdb\StreetCenterlines,WARD_LT,-1,-1;WARD_RG 'WARD_RG' true true false 2 Text 0 0 ,First,#,V:\GIS-ADMIN\Current Data\Current_Data.gdb\StreetCenterlines,WARD_RG,-1,-1;NH_L 'NH_L' true true false 2 Text 0 0 ,First,#,V:\GIS-ADMIN\Current Data\Current_Data.gdb\StreetCenterlines,NH_L,-1,-1;NH_R 'NH_R' true true false 2 Text 0 0 ,First,#,V:\GIS-ADMIN\Current Data\Current_Data.gdb\StreetCenterlines,NH_R,-1,-1;COUNCIL_LT 'COUNCIL_LT' true true false 1 Text 0 0 ,First,#,V:\GIS-ADMIN\Current Data\Current_Data.gdb\StreetCenterlines,COUNCIL_LT,-1,-1;COUNCIL_RT 'COUNCIL_RT' true true false 1 Text 0 0 ,First,#,V:\GIS-ADMIN\Current Data\Current_Data.gdb\StreetCenterlines,COUNCIL_RT,-1,-1;VOTE_DT_LT 'VOTE_DT_LT' true true false 2 Text 0 0 ,First,#,V:\GIS-ADMIN\Current Data\Current_Data.gdb\StreetCenterlines,VOTE_DT_LT,-1,-1;VOTE_DT_RT 'VOTE_DT_RT' true true false 2 Text 0 0 ,First,#,V:\GIS-ADMIN\Current Data\Current_Data.gdb\StreetCenterlines,VOTE_DT_RT,-1,-1;CLASS 'CLASS' true true false 20 Text 0 0 ,First,#,V:\GIS-ADMIN\Current Data\Current_Data.gdb\StreetCenterlines,CLASS,-1,-1;PavedDate 'PavedDate' true true false 8 Date 0 0 ,First,#,V:\GIS-ADMIN\Current Data\Current_Data.gdb\StreetCenterlines,PavedDate,-1,-1;TruckRoute 'TruckRoute' true true false 1 Text 0 0 ,First,#,V:\GIS-ADMIN\Current Data\Current_Data.gdb\StreetCenterlines,TruckRoute,-1,-1;Shape_Length 'Shape_Length' false true true 8 Double 0 0 ,First,#,V:\GIS-ADMIN\Current Data\Current_Data.gdb\StreetCenterlines,Shape_Length,-1,-1;SYMBOLOGY 'SYMBOLOGY' true true false 2 Short 0 0 ,First,#,V:\GIS-ADMIN\Current Data\Current_Data.gdb\StreetCenterlines,SYMBOLOGY,-1,-1" # "Database Connections\Connection to gis0011.sde\GIS_PROD.StreetCenterlines"</Process><Process ToolSource="C:\Program Files\ArcGIS\ArcToolbox\Toolboxes\Conversion Tools.tbx\FeatureClassToFeatureClass" Date="20091105" Time="152357">FeatureClassToFeatureClass "Database Connections\Connection to gis0011.sde\GIS_PROD.StreetCenterlines" C:\TempStreetGuidebook\streetcl.mdb streetcl_4_07 # "OBJECTID_1 'OBJECTID_1' true true false 8 Double 8 38 ,First,#,Database Connections\Connection to gis0011.sde\GIS_PROD.StreetCenterlines,OBJECTID_1,-1,-1;OBJECTID 'OBJECTID' true true false 8 Double 8 38 ,First,#,Database Connections\Connection to gis0011.sde\GIS_PROD.StreetCenterlines,OBJECTID,-1,-1;FNODE_NO 'FNODE_NO' true true false 8 Double 8 38 ,First,#,Database Connections\Connection to gis0011.sde\GIS_PROD.StreetCenterlines,FNODE_NO,-1,-1;TNODE_NO 'TNODE_NO' true true false 8 Double 8 38 ,First,#,Database Connections\Connection to gis0011.sde\GIS_PROD.StreetCenterlines,TNODE_NO,-1,-1;LPOLY_NO 'LPOLY_NO' true true false 8 Double 8 38 ,First,#,Database Connections\Connection to gis0011.sde\GIS_PROD.StreetCenterlines,LPOLY_NO,-1,-1;RPOLY_NO 'RPOLY_NO' true true false 8 Double 8 38 ,First,#,Database Connections\Connection to gis0011.sde\GIS_PROD.StreetCenterlines,RPOLY_NO,-1,-1;LENGTH 'LENGTH' true true false 8 Double 8 38 ,First,#,Database Connections\Connection to gis0011.sde\GIS_PROD.StreetCenterlines,LENGTH,-1,-1;STREETCL_N 'STREETCL_N' true true false 8 Double 8 38 ,First,#,Database Connections\Connection to gis0011.sde\GIS_PROD.StreetCenterlines,STREETCL_N,-1,-1;STREETCL_I 'STREETCL_I' true true false 8 Double 8 38 ,First,#,Database Connections\Connection to gis0011.sde\GIS_PROD.StreetCenterlines,STREETCL_I,-1,-1;PREFIX 'PREFIX' true true false 2 Text 0 0 ,First,#,Database Connections\Connection to gis0011.sde\GIS_PROD.StreetCenterlines,PREFIX,-1,-1;NAME 'NAME' true true false 35 Text 0 0 ,First,#,Database Connections\Connection to gis0011.sde\GIS_PROD.StreetCenterlines,NAME,-1,-1;TYPE 'TYPE' true true false 4 Text 0 0 ,First,#,Database Connections\Connection to gis0011.sde\GIS_PROD.StreetCenterlines,TYPE,-1,-1;SUFFIX 'SUFFIX' true true false 2 Text 0 0 ,First,#,Database Connections\Connection to gis0011.sde\GIS_PROD.StreetCenterlines,SUFFIX,-1,-1;DIR 'DIR' true true false 3 Text 0 0 ,First,#,Database Connections\Connection to gis0011.sde\GIS_PROD.StreetCenterlines,DIR,-1,-1;STREETNAME 'STREETNAME' true true false 50 Text 0 0 ,First,#,Database Connections\Connection to gis0011.sde\GIS_PROD.StreetCenterlines,STREETNAME,-1,-1;ALTERNATEN 'ALTERNATEN' true true false 50 Text 0 0 ,First,#,Database Connections\Connection to gis0011.sde\GIS_PROD.StreetCenterlines,ALTERNATEN,-1,-1;LLEFT 'LLEFT' true true false 8 Double 8 38 ,First,#,Database Connections\Connection to gis0011.sde\GIS_PROD.StreetCenterlines,LLEFT,-1,-1;HLEFT 'HLEFT' true true false 8 Double 8 38 ,First,#,Database Connections\Connection to gis0011.sde\GIS_PROD.StreetCenterlines,HLEFT,-1,-1;LRGT 'LRGT' true true false 8 Double 8 38 ,First,#,Database Connections\Connection to gis0011.sde\GIS_PROD.StreetCenterlines,LRGT,-1,-1;HRGT 'HRGT' true true false 8 Double 8 38 ,First,#,Database Connections\Connection to gis0011.sde\GIS_PROD.StreetCenterlines,HRGT,-1,-1;FROMSTREET 'FROMSTREET' true true false 50 Text 0 0 ,First,#,Database Connections\Connection to gis0011.sde\GIS_PROD.StreetCenterlines,FROMSTREET,-1,-1;TOSTREET 'TOSTREET' true true false 50 Text 0 0 ,First,#,Database Connections\Connection to gis0011.sde\GIS_PROD.StreetCenterlines,TOSTREET,-1,-1;ZIPL 'ZIPL' true true false 10 Text 0 0 ,First,#,Database Connections\Connection to gis0011.sde\GIS_PROD.StreetCenterlines,ZIPL,-1,-1;ZIPR 'ZIPR' true true false 10 Text 0 0 ,First,#,Database Connections\Connection to gis0011.sde\GIS_PROD.StreetCenterlines,ZIPR,-1,-1;MCDL 'MCDL' true true false 10 Text 0 0 ,First,#,Database Connections\Connection to gis0011.sde\GIS_PROD.StreetCenterlines,MCDL,-1,-1;MCDR 'MCDR' true true false 10 Text 0 0 ,First,#,Database Connections\Connection to gis0011.sde\GIS_PROD.StreetCenterlines,MCDR,-1,-1;OWNER 'OWNER' true true false 20 Text 0 0 ,First,#,Database Connections\Connection to gis0011.sde\GIS_PROD.StreetCenterlines,OWNER,-1,-1;BELTWAY 'BELTWAY' true true false 20 Text 0 0 ,First,#,Database Connections\Connection to gis0011.sde\GIS_PROD.StreetCenterlines,BELTWAY,-1,-1;MAJORRD 'MAJORRD' true true false 20 Text 0 0 ,First,#,Database Connections\Connection to gis0011.sde\GIS_PROD.StreetCenterlines,MAJORRD,-1,-1;NO_LANES 'NO_LANES' true true false 8 Double 8 38 ,First,#,Database Connections\Connection to gis0011.sde\GIS_PROD.StreetCenterlines,NO_LANES,-1,-1;CFCC 'CFCC' true true false 4 Text 0 0 ,First,#,Database Connections\Connection to gis0011.sde\GIS_PROD.StreetCenterlines,CFCC,-1,-1;GDTLINK 'GDTLINK' true true false 10 Text 0 0 ,First,#,Database Connections\Connection to gis0011.sde\GIS_PROD.StreetCenterlines,GDTLINK,-1,-1;ONEWAY 'ONEWAY' true true false 2 Text 0 0 ,First,#,Database Connections\Connection to gis0011.sde\GIS_PROD.StreetCenterlines,ONEWAY,-1,-1;STCL_CODE 'STCL_CODE' true true false 8 Double 8 38 ,First,#,Database Connections\Connection to gis0011.sde\GIS_PROD.StreetCenterlines,STCL_CODE,-1,-1;UNIQUE_ID 'UNIQUE_ID' true true false 8 Double 8 38 ,First,#,Database Connections\Connection to gis0011.sde\GIS_PROD.StreetCenterlines,UNIQUE_ID,-1,-1;ROUTE_NO 'ROUTE_NO' true true false 10 Text 0 0 ,First,#,Database Connections\Connection to gis0011.sde\GIS_PROD.StreetCenterlines,ROUTE_NO,-1,-1;STD_RNG 'STD_RNG' true true false 1 Text 0 0 ,First,#,Database Connections\Connection to gis0011.sde\GIS_PROD.StreetCenterlines,STD_RNG,-1,-1;CHECKED 'CHECKED' true true false 36 Date 0 0 ,First,#,Database Connections\Connection to gis0011.sde\GIS_PROD.StreetCenterlines,CHECKED,-1,-1;CHANGED 'CHANGED' true true false 1 Text 0 0 ,First,#,Database Connections\Connection to gis0011.sde\GIS_PROD.StreetCenterlines,CHANGED,-1,-1;STADDED 'STADDED' true true false 1 Text 0 0 ,First,#,Database Connections\Connection to gis0011.sde\GIS_PROD.StreetCenterlines,STADDED,-1,-1;CLTYPE 'CLTYPE' true true false 1 Text 0 0 ,First,#,Database Connections\Connection to gis0011.sde\GIS_PROD.StreetCenterlines,CLTYPE,-1,-1;HALFVAC 'HALFVAC' true true false 10 Text 0 0 ,First,#,Database Connections\Connection to gis0011.sde\GIS_PROD.StreetCenterlines,HALFVAC,-1,-1;CEN20LT 'CEN20LT' true true false 4 Text 0 0 ,First,#,Database Connections\Connection to gis0011.sde\GIS_PROD.StreetCenterlines,CEN20LT,-1,-1;CEN20RG 'CEN20RG' true true false 4 Text 0 0 ,First,#,Database Connections\Connection to gis0011.sde\GIS_PROD.StreetCenterlines,CEN20RG,-1,-1;ZONE_LEFT 'ZONE_LEFT' true true false 1 Text 0 0 ,First,#,Database Connections\Connection to gis0011.sde\GIS_PROD.StreetCenterlines,ZONE_LEFT,-1,-1;ZONE_RIGHT 'ZONE_RIGHT' true true false 1 Text 0 0 ,First,#,Database Connections\Connection to gis0011.sde\GIS_PROD.StreetCenterlines,ZONE_RIGHT,-1,-1;HOOD_LEFT 'HOOD_LEFT' true true false 40 Text 0 0 ,First,#,Database Connections\Connection to gis0011.sde\GIS_PROD.StreetCenterlines,HOOD_LEFT,-1,-1;HOOD_RIGHT 'HOOD_RIGHT' true true false 40 Text 0 0 ,First,#,Database Connections\Connection to gis0011.sde\GIS_PROD.StreetCenterlines,HOOD_RIGHT,-1,-1;DPW_ZON_LT 'DPW_ZON_LT' true true false 1 Text 0 0 ,First,#,Database Connections\Connection to gis0011.sde\GIS_PROD.StreetCenterlines,DPW_ZON_LT,-1,-1;DPW_ZON_RT 'DPW_ZON_RT' true true false 1 Text 0 0 ,First,#,Database Connections\Connection to gis0011.sde\GIS_PROD.StreetCenterlines,DPW_ZON_RT,-1,-1;FIRE_ZN_LT 'FIRE_ZN_LT' true true false 4 Text 0 0 ,First,#,Database Connections\Connection to gis0011.sde\GIS_PROD.StreetCenterlines,FIRE_ZN_LT,-1,-1;FIRE_ZN_RT 'FIRE_ZN_RT' true true false 4 Text 0 0 ,First,#,Database Connections\Connection to gis0011.sde\GIS_PROD.StreetCenterlines,FIRE_ZN_RT,-1,-1;WARD_LT 'WARD_LT' true true false 2 Text 0 0 ,First,#,Database Connections\Connection to gis0011.sde\GIS_PROD.StreetCenterlines,WARD_LT,-1,-1;WARD_RG 'WARD_RG' true true false 2 Text 0 0 ,First,#,Database Connections\Connection to gis0011.sde\GIS_PROD.StreetCenterlines,WARD_RG,-1,-1;NH_L 'NH_L' true true false 2 Text 0 0 ,First,#,Database Connections\Connection to gis0011.sde\GIS_PROD.StreetCenterlines,NH_L,-1,-1;NH_R 'NH_R' true true false 2 Text 0 0 ,First,#,Database Connections\Connection to gis0011.sde\GIS_PROD.StreetCenterlines,NH_R,-1,-1;COUNCIL_LT 'COUNCIL_LT' true true false 1 Text 0 0 ,First,#,Database Connections\Connection to gis0011.sde\GIS_PROD.StreetCenterlines,COUNCIL_LT,-1,-1;COUNCIL_RT 'COUNCIL_RT' true true false 1 Text 0 0 ,First,#,Database Connections\Connection to gis0011.sde\GIS_PROD.StreetCenterlines,COUNCIL_RT,-1,-1;VOTE_DT_LT 'VOTE_DT_LT' true true false 2 Text 0 0 ,First,#,Database Connections\Connection to gis0011.sde\GIS_PROD.StreetCenterlines,VOTE_DT_LT,-1,-1;VOTE_DT_RT 'VOTE_DT_RT' true true false 2 Text 0 0 ,First,#,Database Connections\Connection to gis0011.sde\GIS_PROD.StreetCenterlines,VOTE_DT_RT,-1,-1;CLASS 'CLASS' true true false 20 Text 0 0 ,First,#,Database Connections\Connection to gis0011.sde\GIS_PROD.StreetCenterlines,CLASS,-1,-1;PAVEDDATE 'PAVEDDATE' true true false 36 Date 0 0 ,First,#,Database Connections\Connection to gis0011.sde\GIS_PROD.StreetCenterlines,PAVEDDATE,-1,-1;TRUCKROUTE 'TRUCKROUTE' true true false 1 Text 0 0 ,First,#,Database Connections\Connection to gis0011.sde\GIS_PROD.StreetCenterlines,TRUCKROUTE,-1,-1;SYMBOLOGY 'SYMBOLOGY' true true false 2 Short 0 5 ,First,#,Database Connections\Connection to gis0011.sde\GIS_PROD.StreetCenterlines,SYMBOLOGY,-1,-1;SHAPE_LEN 'SHAPE_LEN' false false true 0 Double 0 0 ,First,#,Database Connections\Connection to gis0011.sde\GIS_PROD.StreetCenterlines,SHAPE.LEN,-1,-1" # C:\TempStreetGuidebook\streetcl.mdb\streetcl_4_07</Process><Process ToolSource="C:\Program Files\ArcGIS\Desktop10.0\ArcToolbox\Toolboxes\Data Management Tools.tbx\CalculateField" Date="20111020" Time="113219">CalculateField streetcl_4_07 CarteID [CartegraphID] VB #</Process><Process ToolSource="C:\Program Files\ArcGIS\Desktop10.0\ArcToolbox\Toolboxes\Data Management Tools.tbx\CalculateField" Date="20111026" Time="103224">CalculateField streetcl_4_07 NAME "WEST BUSWAY" VB #</Process><Process ToolSource="C:\Program Files\ArcGIS\Desktop10.0\ArcToolbox\Toolboxes\Data Management Tools.tbx\CalculateField" Date="20111026" Time="103444">CalculateField streetcl_4_07 CLASS "PORT AUTH" VB #</Process><Process ToolSource="C:\Program Files\ArcGIS\Desktop10.0\ArcToolbox\Toolboxes\Data Management Tools.tbx\CalculateField" Date="20111026" Time="103900">CalculateField streetcl_4_07 CLASS "PORT AUTH" VB #</Process><Process ToolSource="C:\Program Files\ArcGIS\Desktop10.0\ArcToolbox\Toolboxes\Data Management Tools.tbx\CalculateField" Date="20111026" Time="104101">CalculateField streetcl_4_07 STADDED "Y" VB #</Process><Process ToolSource="C:\Program Files\ArcGIS\Desktop10.0\ArcToolbox\Toolboxes\Data Management Tools.tbx\CalculateField" Date="20111026" Time="104306">CalculateField streetcl_4_07 CHECKED "10/26/2011" VB #</Process><Process ToolSource="C:\Program Files\ArcGIS\Desktop10.0\ArcToolbox\Toolboxes\Data Management Tools.tbx\CalculateField" Date="20111026" Time="104509">CalculateField streetcl_4_07 ONEWAY "N" VB #</Process><Process ToolSource="C:\Program Files\ArcGIS\Desktop10.0\ArcToolbox\Toolboxes\Data Management Tools.tbx\CalculateField" Date="20111026" Time="104659">CalculateField streetcl_4_07 NO_LANES 2 VB #</Process><Process ToolSource="C:\Program Files\ArcGIS\Desktop10.0\ArcToolbox\Toolboxes\Data Management Tools.tbx\CalculateField" Date="20111026" Time="104905">CalculateField streetcl_4_07 MCDL 100 VB #</Process><Process ToolSource="C:\Program Files\ArcGIS\Desktop10.0\ArcToolbox\Toolboxes\Data Management Tools.tbx\CalculateField" Date="20111026" Time="105038">CalculateField streetcl_4_07 MCDR 100 VB #</Process><Process ToolSource="C:\Program Files\ArcGIS\Desktop10.0\ArcToolbox\Toolboxes\Data Management Tools.tbx\CalculateField" Date="20111026" Time="105419">CalculateField streetcl_4_07 OWNER "PRIVATE" VB #</Process><Process ToolSource="C:\Program Files\ArcGIS\Desktop10.0\ArcToolbox\Toolboxes\Data Management Tools.tbx\CalculateField" Date="20111026" Time="105630">CalculateField streetcl_4_07 STREETNAME "WEST BUSWAY" VB #</Process><Process ToolSource="C:\Program Files\ArcGIS\Desktop10.0\ArcToolbox\Toolboxes\Data Management Tools.tbx\CalculateField" Date="20111026" Time="113236">CalculateField streetcl_4_07 LLEFT 0 VB #</Process><Process ToolSource="C:\Program Files\ArcGIS\Desktop10.0\ArcToolbox\Toolboxes\Data Management Tools.tbx\CalculateField" Date="20111026" Time="113531">CalculateField streetcl_4_07 LLEFT 0 VB #</Process><Process ToolSource="C:\Program Files\ArcGIS\Desktop10.0\ArcToolbox\Toolboxes\Data Management Tools.tbx\CalculateField" Date="20111026" Time="113646">CalculateField streetcl_4_07 HLEFT 0 VB #</Process><Process ToolSource="C:\Program Files\ArcGIS\Desktop10.0\ArcToolbox\Toolboxes\Data Management Tools.tbx\CalculateField" Date="20111026" Time="113832">CalculateField streetcl_4_07 HLEFT 0 VB #</Process><Process ToolSource="C:\Program Files\ArcGIS\Desktop10.0\ArcToolbox\Toolboxes\Data Management Tools.tbx\CalculateField" Date="20111026" Time="114122">CalculateField streetcl_4_07 HLEFT 0 VB #</Process><Process ToolSource="C:\Program Files\ArcGIS\Desktop10.0\ArcToolbox\Toolboxes\Data Management Tools.tbx\CalculateField" Date="20111026" Time="114423">CalculateField streetcl_4_07 LRGT 0 VB #</Process><Process ToolSource="C:\Program Files\ArcGIS\Desktop10.0\ArcToolbox\Toolboxes\Data Management Tools.tbx\CalculateField" Date="20111026" Time="115020">CalculateField streetcl_4_07 HRGT 0 VB #</Process><Process ToolSource="C:\Program Files\ArcGIS\Desktop10.0\ArcToolbox\Toolboxes\Data Management Tools.tbx\CalculateField" Date="20111026" Time="121005">CalculateField streetcl_4_07 ZIPL 15205 VB #</Process><Process ToolSource="C:\Program Files\ArcGIS\Desktop10.0\ArcToolbox\Toolboxes\Data Management Tools.tbx\CalculateField" Date="20111026" Time="121316">CalculateField streetcl_4_07 ZIPR 15205 VB #</Process><Process ToolSource="C:\Program Files\ArcGIS\Desktop10.0\ArcToolbox\Toolboxes\Data Management Tools.tbx\CalculateField" Date="20111026" Time="122046">CalculateField streetcl_4_07 ZONE_LEFT 6 VB #</Process><Process ToolSource="C:\Program Files\ArcGIS\Desktop10.0\ArcToolbox\Toolboxes\Data Management Tools.tbx\CalculateField" Date="20111026" Time="122207">CalculateField streetcl_4_07 ZONE_RIGHT 6 VB #</Process><Process ToolSource="C:\Program Files\ArcGIS\Desktop10.0\ArcToolbox\Toolboxes\Data Management Tools.tbx\CalculateField" Date="20111026" Time="122850">CalculateField streetcl_4_07 ZONE_RIGHT 6 VB #</Process><Process ToolSource="C:\Program Files\ArcGIS\Desktop10.0\ArcToolbox\Toolboxes\Data Management Tools.tbx\CalculateField" Date="20111026" Time="123946">CalculateField streetcl_4_07 FIRE_ZN_LT "1-19" VB #</Process><Process ToolSource="C:\Program Files\ArcGIS\Desktop10.0\ArcToolbox\Toolboxes\Data Management Tools.tbx\CalculateField" Date="20111026" Time="124245">CalculateField streetcl_4_07 FIRE_ZN_RT "1-19" VB #</Process><Process ToolSource="C:\Program Files\ArcGIS\Desktop10.0\ArcToolbox\Toolboxes\Data Management Tools.tbx\CalculateField" Date="20111026" Time="124614">CalculateField streetcl_4_07 WARD_LT 28 VB #</Process><Process ToolSource="C:\Program Files\ArcGIS\Desktop10.0\ArcToolbox\Toolboxes\Data Management Tools.tbx\CalculateField" Date="20111026" Time="124909">CalculateField streetcl_4_07 WARD_RG 28 VB #</Process><Process ToolSource="C:\Program Files\ArcGIS\Desktop10.0\ArcToolbox\Toolboxes\Data Management Tools.tbx\CalculateField" Date="20111026" Time="125137">CalculateField streetcl_4_07 COUNCIL_LT 2 VB #</Process><Process ToolSource="C:\Program Files\ArcGIS\Desktop10.0\ArcToolbox\Toolboxes\Data Management Tools.tbx\CalculateField" Date="20111026" Time="125438">CalculateField streetcl_4_07 COUNCIL_LT 2 VB #</Process><Process ToolSource="C:\Program Files\ArcGIS\Desktop10.0\ArcToolbox\Toolboxes\Data Management Tools.tbx\CalculateField" Date="20111026" Time="125741">CalculateField streetcl_4_07 COUNCIL_RT 2 VB #</Process><Process ToolSource="C:\Program Files\ArcGIS\Desktop10.0\ArcToolbox\Toolboxes\Data Management Tools.tbx\CalculateField" Date="20111026" Time="130143">CalculateField streetcl_4_07 VOTE_DT_LT 1 VB #</Process><Process ToolSource="C:\Program Files\ArcGIS\Desktop10.0\ArcToolbox\Toolboxes\Data Management Tools.tbx\CalculateField" Date="20111026" Time="141727">CalculateField streetcl_4_07 TRUCKROUTE "N" VB #</Process><Process ToolSource="C:\Program Files\ArcGIS\Desktop10.0\ArcToolbox\Toolboxes\Data Management Tools.tbx\CalculateField" Date="20111026" Time="142022">CalculateField streetcl_4_07 TRUCKROUTE "N" VB #</Process><Process ToolSource="C:\Program Files\ArcGIS\Desktop10.0\ArcToolbox\Toolboxes\Data Management Tools.tbx\CalculateField" Date="20111026" Time="142521">CalculateField streetcl_4_07 SYMBOLOGY 3 VB #</Process><Process ToolSource="C:\Program Files\ArcGIS\Desktop10.0\ArcToolbox\Toolboxes\Data Management Tools.tbx\CalculateField" Date="20111027" Time="161135">CalculateField streetcl_4_07 CHECKED "10/27/2011" VB #</Process><Process ToolSource="C:\Program Files\ArcGIS\Desktop10.0\ArcToolbox\Toolboxes\Data Management Tools.tbx\CalculateField" Date="20111031" Time="155918">CalculateField streetcl_4_07 CLASS "BARRICADED" VB #</Process><Process ToolSource="C:\Program Files\ArcGIS\Desktop10.0\ArcToolbox\Toolboxes\Data Management Tools.tbx\CalculateField" Date="20111102" Time="144718">CalculateField streetcl_4_07 CHECKED "11/02/2011" VB #</Process><Process ToolSource="C:\Program Files\ArcGIS\Desktop10.0\ArcToolbox\Toolboxes\Data Management Tools.tbx\CalculateField" Date="20111104" Time="100301">CalculateField streetcl_4_07 CHANGED "Y" VB #</Process><Process ToolSource="C:\Program Files\ArcGIS\Desktop10.0\ArcToolbox\Toolboxes\Data Management Tools.tbx\CalculateField" Date="20111104" Time="110904">CalculateField streetcl_4_07 CHECKED "11/04/2011" VB #</Process><Process ToolSource="C:\Program Files\ArcGIS\Desktop10.0\ArcToolbox\Toolboxes\Data Management Tools.tbx\CalculateField" Date="20111104" Time="110932">CalculateField streetcl_4_07 CLASS "INACTIVE" VB #</Process><Process ToolSource="C:\Program Files\ArcGIS\Desktop10.0\ArcToolbox\Toolboxes\Data Management Tools.tbx\CalculateField" Date="20111104" Time="111448">CalculateField streetcl_4_07 CLASS "INACTIVE" VB #</Process><Process ToolSource="C:\Program Files\ArcGIS\Desktop10.0\ArcToolbox\Toolboxes\Data Management Tools.tbx\CalculateField" Date="20111107" Time="103121">CalculateField streetcl_4_07 CHECKED "11/07/2011" VB #</Process><Process ToolSource="C:\Program Files\ArcGIS\Desktop10.0\ArcToolbox\Toolboxes\Data Management Tools.tbx\CalculateField" Date="20111107" Time="104014">CalculateField streetcl_4_07 CHECKED "11/07/2011" VB #</Process><Process ToolSource="C:\Program Files\ArcGIS\Desktop10.0\ArcToolbox\Toolboxes\Data Management Tools.tbx\CalculateField" Date="20111109" Time="154522">CalculateField streetcl_4_07 CLASS "STEPS" VB #</Process><Process ToolSource="C:\Program Files\ArcGIS\Desktop10.0\ArcToolbox\Toolboxes\Data Management Tools.tbx\CalculateField" Date="20111109" Time="154639">CalculateField streetcl_4_07 CHECKED "11/09/2011" VB #</Process><Process ToolSource="C:\Program Files\ArcGIS\Desktop10.0\ArcToolbox\Toolboxes\Data Management Tools.tbx\CalculateField" Date="20111109" Time="155054">CalculateField streetcl_4_07 CHECKED "11/09/2011" VB #</Process><Process ToolSource="C:\Program Files\ArcGIS\Desktop10.0\ArcToolbox\Toolboxes\Data Management Tools.tbx\CalculateField" Date="20111109" Time="155125">CalculateField streetcl_4_07 CLASS "INACTIVE" VB #</Process><Process ToolSource="C:\Program Files\ArcGIS\Desktop10.0\ArcToolbox\Toolboxes\Data Management Tools.tbx\CalculateField" Date="20111109" Time="160615">CalculateField streetcl_4_07 CHECKED "11/09/2011" VB #</Process><Process ToolSource="C:\Program Files\ArcGIS\Desktop10.0\ArcToolbox\Toolboxes\Data Management Tools.tbx\CalculateField" Date="20111109" Time="160641">CalculateField streetcl_4_07 CHECKED "11/09/2011" VB #</Process><Process ToolSource="C:\Program Files\ArcGIS\Desktop10.0\ArcToolbox\Toolboxes\Data Management Tools.tbx\CalculateField" Date="20111109" Time="162227">CalculateField streetcl_4_07 CHECKED "11/09/2011" VB #</Process><Process ToolSource="C:\Program Files\ArcGIS\Desktop10.0\ArcToolbox\Toolboxes\Data Management Tools.tbx\CalculateField" Date="20111116" Time="094859">CalculateField streetcl_4_07 CHECKED "11/16/2011" VB #</Process><Process ToolSource="C:\Program Files\ArcGIS\Desktop10.0\ArcToolbox\Toolboxes\Data Management Tools.tbx\CalculateField" Date="20111116" Time="095439">CalculateField streetcl_4_07 CHECKED "11/16/2011" VB #</Process><Process ToolSource="C:\Program Files\ArcGIS\Desktop10.0\ArcToolbox\Toolboxes\Data Management Tools.tbx\CalculateField" Date="20120110" Time="093022">CalculateField streetcl_4_07 ONEWAY "TF" VB #</Process><Process ToolSource="C:\Program Files\ArcGIS\Desktop10.0\ArcToolbox\Toolboxes\Data Management Tools.tbx\CalculateField" Date="20120110" Time="093225">CalculateField streetcl_4_07 NO_LANES 4 VB #</Process><Process ToolSource="C:\Program Files\ArcGIS\Desktop10.0\ArcToolbox\Toolboxes\Data Management Tools.tbx\CalculateField" Date="20120110" Time="100450">CalculateField streetcl_4_07 NO_LANES 4 VB #</Process><Process ToolSource="C:\Program Files\ArcGIS\Desktop10.0\ArcToolbox\Toolboxes\Data Management Tools.tbx\CalculateField" Date="20120110" Time="104301">CalculateField streetcl_4_07 CHECKED "01/10/2012" VB #</Process><Process ToolSource="C:\Program Files\ArcGIS\Desktop10.0\ArcToolbox\Toolboxes\Data Management Tools.tbx\CalculateField" Date="20120110" Time="104638">CalculateField streetcl_4_07 CHECKED "01/10/2012" VB #</Process><Process ToolSource="C:\Program Files\ArcGIS\Desktop10.0\ArcToolbox\Toolboxes\Data Management Tools.tbx\CalculateField" Date="20120110" Time="153357">CalculateField streetcl_4_07 ONEWAY "TF" VB #</Process><Process ToolSource="C:\Program Files\ArcGIS\Desktop10.0\ArcToolbox\Toolboxes\Data Management Tools.tbx\CalculateField" Date="20120110" Time="154335">CalculateField streetcl_4_07 CHECKED "01/10/2012" VB #</Process><Process ToolSource="C:\Program Files\ArcGIS\Desktop10.0\ArcToolbox\Toolboxes\Data Management Tools.tbx\CalculateField" Date="20120110" Time="160014">CalculateField streetcl_4_07 CHECKED "01/10/2012" VB #</Process><Process ToolSource="C:\Program Files\ArcGIS\Desktop10.0\ArcToolbox\Toolboxes\Data Management Tools.tbx\CalculateField" Date="20120110" Time="162821">CalculateField streetcl_4_07 CHECKED "01/10/2012" VB #</Process><Process ToolSource="C:\Program Files\ArcGIS\Desktop10.0\ArcToolbox\Toolboxes\Data Management Tools.tbx\CalculateField" Date="20120110" Time="162848">CalculateField streetcl_4_07 ONEWAY "TF" VB #</Process><Process ToolSource="C:\Program Files\ArcGIS\Desktop10.0\ArcToolbox\Toolboxes\Data Management Tools.tbx\CalculateField" Date="20120111" Time="123444">CalculateField streetcl_4_07 ONEWAY "TF" VB #</Process><Process ToolSource="C:\Program Files\ArcGIS\Desktop10.0\ArcToolbox\Toolboxes\Data Management Tools.tbx\CalculateField" Date="20120111" Time="123524">CalculateField streetcl_4_07 ONEWAY "TF" VB #</Process><Process ToolSource="C:\Program Files\ArcGIS\Desktop10.0\ArcToolbox\Toolboxes\Data Management Tools.tbx\CalculateField" Date="20120111" Time="123738">CalculateField streetcl_4_07 ONEWAY "TF" VB #</Process><Process ToolSource="C:\Program Files\ArcGIS\Desktop10.0\ArcToolbox\Toolboxes\Data Management Tools.tbx\CalculateField" Date="20120111" Time="123907">CalculateField streetcl_4_07 CHECKED "01/11/2012" VB #</Process><Process ToolSource="C:\Program Files\ArcGIS\Desktop10.0\ArcToolbox\Toolboxes\Data Management Tools.tbx\CalculateField" Date="20120111" Time="143943">CalculateField streetcl_4_07 STREETNAME "PENN CIR W" VB #</Process><Process ToolSource="C:\Program Files\ArcGIS\Desktop10.0\ArcToolbox\Toolboxes\Data Management Tools.tbx\CalculateField" Date="20120111" Time="144003">CalculateField streetcl_4_07 STREETNAME "PENN CIR W" VB #</Process><Process ToolSource="C:\Program Files\ArcGIS\Desktop10.0\ArcToolbox\Toolboxes\Data Management Tools.tbx\CalculateField" Date="20120111" Time="145543">CalculateField streetcl_4_07 STREETNAME "PENN CIR W" VB #</Process><Process ToolSource="C:\Program Files\ArcGIS\Desktop10.0\ArcToolbox\Toolboxes\Data Management Tools.tbx\CalculateField" Date="20120111" Time="145607">CalculateField streetcl_4_07 NAME "PENN" VB #</Process><Process ToolSource="C:\Program Files\ArcGIS\Desktop10.0\ArcToolbox\Toolboxes\Data Management Tools.tbx\CalculateField" Date="20120111" Time="145636">CalculateField streetcl_4_07 NAME "PENN" VB #</Process><Process ToolSource="C:\Program Files\ArcGIS\Desktop10.0\ArcToolbox\Toolboxes\Data Management Tools.tbx\CalculateField" Date="20120112" Time="152358">CalculateField streetcl_4_07 CHECKED "01/12/2012" VB #</Process><Process ToolSource="C:\Program Files\ArcGIS\Desktop10.0\ArcToolbox\Toolboxes\Data Management Tools.tbx\CalculateField" Date="20120112" Time="160059">CalculateField streetcl_4_07 CHECKED "01/12/2012" VB #</Process><Process ToolSource="C:\Program Files\ArcGIS\Desktop10.0\ArcToolbox\Toolboxes\Data Management Tools.tbx\CalculateField" Date="20120214" Time="105753">CalculateField streetcl_4_07 CHECKED "02/14/2012" VB #</Process><Process ToolSource="C:\Program Files\ArcGIS\Desktop10.0\ArcToolbox\Toolboxes\Data Management Tools.tbx\CalculateField" Date="20120214" Time="105839">CalculateField streetcl_4_07 CHECKED "02/14/2012" VB #</Process><Process ToolSource="C:\Program Files\ArcGIS\Desktop10.0\ArcToolbox\Toolboxes\Data Management Tools.tbx\CalculateField" Date="20120214" Time="111512">CalculateField streetcl_4_07 CHECKED "02/14/2012" VB #</Process><Process ToolSource="C:\Program Files\ArcGIS\Desktop10.0\ArcToolbox\Toolboxes\Conversion Tools.tbx\FeatureClassToFeatureClass" Date="20120224" Time="084606">FeatureClassToFeatureClass V:\GIS-ADMIN\Workspaces\Reinhold\TempStreetGuidebook\streetcl.mdb\streetcl_4_07 "V:\GIS-ADMIN\Current Data\Current_Data.gdb" StreetCenterlines # "OBJECTID_1 "OBJECTID_1" true true false 8 Double 0 0 ,First,#,V:\GIS-ADMIN\Workspaces\Reinhold\TempStreetGuidebook\streetcl.mdb\streetcl_4_07,OBJECTID_1,-1,-1;OBJECTID "OBJECTID" true true false 8 Double 0 0 ,First,#,V:\GIS-ADMIN\Workspaces\Reinhold\TempStreetGuidebook\streetcl.mdb\streetcl_4_07,OBJECTID,-1,-1;FNODE_NO "FNODE_NO" true true false 8 Double 0 0 ,First,#,V:\GIS-ADMIN\Workspaces\Reinhold\TempStreetGuidebook\streetcl.mdb\streetcl_4_07,FNODE_NO,-1,-1;TNODE_NO "TNODE_NO" true true false 8 Double 0 0 ,First,#,V:\GIS-ADMIN\Workspaces\Reinhold\TempStreetGuidebook\streetcl.mdb\streetcl_4_07,TNODE_NO,-1,-1;LPOLY_NO "LPOLY_NO" true true false 8 Double 0 0 ,First,#,V:\GIS-ADMIN\Workspaces\Reinhold\TempStreetGuidebook\streetcl.mdb\streetcl_4_07,LPOLY_NO,-1,-1;RPOLY_NO "RPOLY_NO" true true false 8 Double 0 0 ,First,#,V:\GIS-ADMIN\Workspaces\Reinhold\TempStreetGuidebook\streetcl.mdb\streetcl_4_07,RPOLY_NO,-1,-1;LENGTH "LENGTH" true true false 8 Double 0 0 ,First,#,V:\GIS-ADMIN\Workspaces\Reinhold\TempStreetGuidebook\streetcl.mdb\streetcl_4_07,LENGTH,-1,-1;STREETCL_N "STREETCL_N" true true false 8 Double 0 0 ,First,#,V:\GIS-ADMIN\Workspaces\Reinhold\TempStreetGuidebook\streetcl.mdb\streetcl_4_07,STREETCL_N,-1,-1;STREETCL_I "STREETCL_I" true true false 8 Double 0 0 ,First,#,V:\GIS-ADMIN\Workspaces\Reinhold\TempStreetGuidebook\streetcl.mdb\streetcl_4_07,STREETCL_I,-1,-1;PREFIX "PREFIX" true true false 2 Text 0 0 ,First,#,V:\GIS-ADMIN\Workspaces\Reinhold\TempStreetGuidebook\streetcl.mdb\streetcl_4_07,PREFIX,-1,-1;NAME "NAME" true true false 35 Text 0 0 ,First,#,V:\GIS-ADMIN\Workspaces\Reinhold\TempStreetGuidebook\streetcl.mdb\streetcl_4_07,NAME,-1,-1;TYPE "TYPE" true true false 4 Text 0 0 ,First,#,V:\GIS-ADMIN\Workspaces\Reinhold\TempStreetGuidebook\streetcl.mdb\streetcl_4_07,TYPE,-1,-1;SUFFIX "SUFFIX" true true false 2 Text 0 0 ,First,#,V:\GIS-ADMIN\Workspaces\Reinhold\TempStreetGuidebook\streetcl.mdb\streetcl_4_07,SUFFIX,-1,-1;DIR "DIR" true true false 3 Text 0 0 ,First,#,V:\GIS-ADMIN\Workspaces\Reinhold\TempStreetGuidebook\streetcl.mdb\streetcl_4_07,DIR,-1,-1;STREETNAME "STREETNAME" true true false 50 Text 0 0 ,First,#,V:\GIS-ADMIN\Workspaces\Reinhold\TempStreetGuidebook\streetcl.mdb\streetcl_4_07,STREETNAME,-1,-1;ALTERNATEN "ALTERNATEN" true true false 50 Text 0 0 ,First,#,V:\GIS-ADMIN\Workspaces\Reinhold\TempStreetGuidebook\streetcl.mdb\streetcl_4_07,ALTERNATEN,-1,-1;LLEFT "LLEFT" true true false 8 Double 0 0 ,First,#,V:\GIS-ADMIN\Workspaces\Reinhold\TempStreetGuidebook\streetcl.mdb\streetcl_4_07,LLEFT,-1,-1;HLEFT "HLEFT" true true false 8 Double 0 0 ,First,#,V:\GIS-ADMIN\Workspaces\Reinhold\TempStreetGuidebook\streetcl.mdb\streetcl_4_07,HLEFT,-1,-1;LRGT "LRGT" true true false 8 Double 0 0 ,First,#,V:\GIS-ADMIN\Workspaces\Reinhold\TempStreetGuidebook\streetcl.mdb\streetcl_4_07,LRGT,-1,-1;HRGT "HRGT" true true false 8 Double 0 0 ,First,#,V:\GIS-ADMIN\Workspaces\Reinhold\TempStreetGuidebook\streetcl.mdb\streetcl_4_07,HRGT,-1,-1;FROMSTREET "FROMSTREET" true true false 50 Text 0 0 ,First,#,V:\GIS-ADMIN\Workspaces\Reinhold\TempStreetGuidebook\streetcl.mdb\streetcl_4_07,FROMSTREET,-1,-1;TOSTREET "TOSTREET" true true false 50 Text 0 0 ,First,#,V:\GIS-ADMIN\Workspaces\Reinhold\TempStreetGuidebook\streetcl.mdb\streetcl_4_07,TOSTREET,-1,-1;ZIPL "ZIPL" true true false 10 Text 0 0 ,First,#,V:\GIS-ADMIN\Workspaces\Reinhold\TempStreetGuidebook\streetcl.mdb\streetcl_4_07,ZIPL,-1,-1;ZIPR "ZIPR" true true false 10 Text 0 0 ,First,#,V:\GIS-ADMIN\Workspaces\Reinhold\TempStreetGuidebook\streetcl.mdb\streetcl_4_07,ZIPR,-1,-1;MCDL "MCDL" true true false 10 Text 0 0 ,First,#,V:\GIS-ADMIN\Workspaces\Reinhold\TempStreetGuidebook\streetcl.mdb\streetcl_4_07,MCDL,-1,-1;MCDR "MCDR" true true false 10 Text 0 0 ,First,#,V:\GIS-ADMIN\Workspaces\Reinhold\TempStreetGuidebook\streetcl.mdb\streetcl_4_07,MCDR,-1,-1;OWNER "OWNER" true true false 20 Text 0 0 ,First,#,V:\GIS-ADMIN\Workspaces\Reinhold\TempStreetGuidebook\streetcl.mdb\streetcl_4_07,OWNER,-1,-1;BELTWAY "BELTWAY" true true false 20 Text 0 0 ,First,#,V:\GIS-ADMIN\Workspaces\Reinhold\TempStreetGuidebook\streetcl.mdb\streetcl_4_07,BELTWAY,-1,-1;MAJORRD "MAJORRD" true true false 20 Text 0 0 ,First,#,V:\GIS-ADMIN\Workspaces\Reinhold\TempStreetGuidebook\streetcl.mdb\streetcl_4_07,MAJORRD,-1,-1;NO_LANES "NO_LANES" true true false 8 Double 0 0 ,First,#,V:\GIS-ADMIN\Workspaces\Reinhold\TempStreetGuidebook\streetcl.mdb\streetcl_4_07,NO_LANES,-1,-1;CFCC "CFCC" true true false 4 Text 0 0 ,First,#,V:\GIS-ADMIN\Workspaces\Reinhold\TempStreetGuidebook\streetcl.mdb\streetcl_4_07,CFCC,-1,-1;GDTLINK "GDTLINK" true true false 10 Text 0 0 ,First,#,V:\GIS-ADMIN\Workspaces\Reinhold\TempStreetGuidebook\streetcl.mdb\streetcl_4_07,GDTLINK,-1,-1;ONEWAY "ONEWAY" true true false 2 Text 0 0 ,First,#,V:\GIS-ADMIN\Workspaces\Reinhold\TempStreetGuidebook\streetcl.mdb\streetcl_4_07,ONEWAY,-1,-1;STCL_CODE "STCL_CODE" true true false 8 Double 0 0 ,First,#,V:\GIS-ADMIN\Workspaces\Reinhold\TempStreetGuidebook\streetcl.mdb\streetcl_4_07,STCL_CODE,-1,-1;UNIQUE_ID "UNIQUE_ID" true true false 8 Double 0 0 ,First,#,V:\GIS-ADMIN\Workspaces\Reinhold\TempStreetGuidebook\streetcl.mdb\streetcl_4_07,UNIQUE_ID,-1,-1;ROUTE_NO "ROUTE_NO" true true false 10 Text 0 0 ,First,#,V:\GIS-ADMIN\Workspaces\Reinhold\TempStreetGuidebook\streetcl.mdb\streetcl_4_07,ROUTE_NO,-1,-1;STD_RNG "STD_RNG" true true false 1 Text 0 0 ,First,#,V:\GIS-ADMIN\Workspaces\Reinhold\TempStreetGuidebook\streetcl.mdb\streetcl_4_07,STD_RNG,-1,-1;CHECKED "CHECKED" true true false 8 Date 0 0 ,First,#,V:\GIS-ADMIN\Workspaces\Reinhold\TempStreetGuidebook\streetcl.mdb\streetcl_4_07,CHECKED,-1,-1;CHANGED "CHANGED" true true false 1 Text 0 0 ,First,#,V:\GIS-ADMIN\Workspaces\Reinhold\TempStreetGuidebook\streetcl.mdb\streetcl_4_07,CHANGED,-1,-1;STADDED "STADDED" true true false 1 Text 0 0 ,First,#,V:\GIS-ADMIN\Workspaces\Reinhold\TempStreetGuidebook\streetcl.mdb\streetcl_4_07,STADDED,-1,-1;CLTYPE "CLTYPE" true true false 1 Text 0 0 ,First,#,V:\GIS-ADMIN\Workspaces\Reinhold\TempStreetGuidebook\streetcl.mdb\streetcl_4_07,CLTYPE,-1,-1;HALFVAC "HALFVAC" true true false 10 Text 0 0 ,First,#,V:\GIS-ADMIN\Workspaces\Reinhold\TempStreetGuidebook\streetcl.mdb\streetcl_4_07,HALFVAC,-1,-1;CEN20LT "CEN20LT" true true false 4 Text 0 0 ,First,#,V:\GIS-ADMIN\Workspaces\Reinhold\TempStreetGuidebook\streetcl.mdb\streetcl_4_07,CEN20LT,-1,-1;CEN20RG "CEN20RG" true true false 4 Text 0 0 ,First,#,V:\GIS-ADMIN\Workspaces\Reinhold\TempStreetGuidebook\streetcl.mdb\streetcl_4_07,CEN20RG,-1,-1;ZONE_LEFT "ZONE_LEFT" true true false 1 Text 0 0 ,First,#,V:\GIS-ADMIN\Workspaces\Reinhold\TempStreetGuidebook\streetcl.mdb\streetcl_4_07,ZONE_LEFT,-1,-1;ZONE_RIGHT "ZONE_RIGHT" true true false 1 Text 0 0 ,First,#,V:\GIS-ADMIN\Workspaces\Reinhold\TempStreetGuidebook\streetcl.mdb\streetcl_4_07,ZONE_RIGHT,-1,-1;HOOD_LEFT "HOOD_LEFT" true true false 40 Text 0 0 ,First,#,V:\GIS-ADMIN\Workspaces\Reinhold\TempStreetGuidebook\streetcl.mdb\streetcl_4_07,HOOD_LEFT,-1,-1;HOOD_RIGHT "HOOD_RIGHT" true true false 40 Text 0 0 ,First,#,V:\GIS-ADMIN\Workspaces\Reinhold\TempStreetGuidebook\streetcl.mdb\streetcl_4_07,HOOD_RIGHT,-1,-1;DPW_ZON_LT "DPW_ZON_LT" true true false 1 Text 0 0 ,First,#,V:\GIS-ADMIN\Workspaces\Reinhold\TempStreetGuidebook\streetcl.mdb\streetcl_4_07,DPW_ZON_LT,-1,-1;DPW_ZON_RT "DPW_ZON_RT" true true false 1 Text 0 0 ,First,#,V:\GIS-ADMIN\Workspaces\Reinhold\TempStreetGuidebook\streetcl.mdb\streetcl_4_07,DPW_ZON_RT,-1,-1;FIRE_ZN_LT "FIRE_ZN_LT" true true false 4 Text 0 0 ,First,#,V:\GIS-ADMIN\Workspaces\Reinhold\TempStreetGuidebook\streetcl.mdb\streetcl_4_07,FIRE_ZN_LT,-1,-1;FIRE_ZN_RT "FIRE_ZN_RT" true true false 4 Text 0 0 ,First,#,V:\GIS-ADMIN\Workspaces\Reinhold\TempStreetGuidebook\streetcl.mdb\streetcl_4_07,FIRE_ZN_RT,-1,-1;WARD_LT "WARD_LT" true true false 2 Text 0 0 ,First,#,V:\GIS-ADMIN\Workspaces\Reinhold\TempStreetGuidebook\streetcl.mdb\streetcl_4_07,WARD_LT,-1,-1;WARD_RG "WARD_RG" true true false 2 Text 0 0 ,First,#,V:\GIS-ADMIN\Workspaces\Reinhold\TempStreetGuidebook\streetcl.mdb\streetcl_4_07,WARD_RG,-1,-1;NH_L "NH_L" true true false 2 Text 0 0 ,First,#,V:\GIS-ADMIN\Workspaces\Reinhold\TempStreetGuidebook\streetcl.mdb\streetcl_4_07,NH_L,-1,-1;NH_R "NH_R" true true false 2 Text 0 0 ,First,#,V:\GIS-ADMIN\Workspaces\Reinhold\TempStreetGuidebook\streetcl.mdb\streetcl_4_07,NH_R,-1,-1;COUNCIL_LT "COUNCIL_LT" true true false 1 Text 0 0 ,First,#,V:\GIS-ADMIN\Workspaces\Reinhold\TempStreetGuidebook\streetcl.mdb\streetcl_4_07,COUNCIL_LT,-1,-1;COUNCIL_RT "COUNCIL_RT" true true false 1 Text 0 0 ,First,#,V:\GIS-ADMIN\Workspaces\Reinhold\TempStreetGuidebook\streetcl.mdb\streetcl_4_07,COUNCIL_RT,-1,-1;VOTE_DT_LT "VOTE_DT_LT" true true false 2 Text 0 0 ,First,#,V:\GIS-ADMIN\Workspaces\Reinhold\TempStreetGuidebook\streetcl.mdb\streetcl_4_07,VOTE_DT_LT,-1,-1;VOTE_DT_RT "VOTE_DT_RT" true true false 2 Text 0 0 ,First,#,V:\GIS-ADMIN\Workspaces\Reinhold\TempStreetGuidebook\streetcl.mdb\streetcl_4_07,VOTE_DT_RT,-1,-1;CLASS "CLASS" true true false 20 Text 0 0 ,First,#,V:\GIS-ADMIN\Workspaces\Reinhold\TempStreetGuidebook\streetcl.mdb\streetcl_4_07,CLASS,-1,-1;PAVEDDATE "PAVEDDATE" true true false 8 Date 0 0 ,First,#,V:\GIS-ADMIN\Workspaces\Reinhold\TempStreetGuidebook\streetcl.mdb\streetcl_4_07,PAVEDDATE,-1,-1;TRUCKROUTE "TRUCKROUTE" true true false 1 Text 0 0 ,First,#,V:\GIS-ADMIN\Workspaces\Reinhold\TempStreetGuidebook\streetcl.mdb\streetcl_4_07,TRUCKROUTE,-1,-1;SYMBOLOGY "SYMBOLOGY" true true false 2 Short 0 0 ,First,#,V:\GIS-ADMIN\Workspaces\Reinhold\TempStreetGuidebook\streetcl.mdb\streetcl_4_07,SYMBOLOGY,-1,-1;Shape_Length "Shape_Length" false true true 8 Double 0 0 ,First,#,V:\GIS-ADMIN\Workspaces\Reinhold\TempStreetGuidebook\streetcl.mdb\streetcl_4_07,Shape_Length,-1,-1;CartegraphID "CartegraphID" true true false 8 Double 0 0 ,First,#,V:\GIS-ADMIN\Workspaces\Reinhold\TempStreetGuidebook\streetcl.mdb\streetcl_4_07,CartegraphID,-1,-1;StreetFromTo "StreetFromTo" true true false 100 Text 0 0 ,First,#,V:\GIS-ADMIN\Workspaces\Reinhold\TempStreetGuidebook\streetcl.mdb\streetcl_4_07,StreetFromTo,-1,-1;OldFireZnL "OldFireZnL" true true false 10 Text 0 0 ,First,#,V:\GIS-ADMIN\Workspaces\Reinhold\TempStreetGuidebook\streetcl.mdb\streetcl_4_07,OldFireZnL,-1,-1;OldFireZnR "OldFireZnR" true true false 10 Text 0 0 ,First,#,V:\GIS-ADMIN\Workspaces\Reinhold\TempStreetGuidebook\streetcl.mdb\streetcl_4_07,OldFireZnR,-1,-1" #</Process><Process ToolSource="c:\program files\arcgis\desktop10.1\ArcToolbox\Toolboxes\Data Management Tools.tbx\CopyFeatures" Date="20121024" Time="130458">CopyFeatures StreetCenterlines V:\GIS-ADMIN\google_shapefiles\StreetCenterlines.shp # 0 0 0</Process></lineage><itemProps><itemName Sync="TRUE">StreetCenterlines</itemName><imsContentType Sync="TRUE">002</imsContentType><itemLocation><linkage Sync="TRUE">file://\\gis0011\pgh-gis\GIS-ADMIN\google_shapefiles\StreetCenterlines.shp</linkage><protocol Sync="TRUE">Local Area Network</protocol></itemLocation><itemSize Sync="TRUE">0.000</itemSize></itemProps><coordRef><type Sync="TRUE">Projected</type><geogcsn Sync="TRUE">GCS_North_American_1983</geogcsn><csUnits Sync="TRUE">Linear Unit: Foot_US (0.304801)</csUnits><projcsn Sync="TRUE">NAD_1983_StatePlane_Pennsylvania_South_FIPS_3702_Feet</projcsn><peXml Sync="TRUE">&lt;ProjectedCoordinateSystem xsi:type='typens:ProjectedCoordinateSystem' xmlns:xsi='http://www.w3.org/2001/XMLSchema-instance' xmlns:xs='http://www.w3.org/2001/XMLSchema' xmlns:typens='http://www.esri.com/schemas/ArcGIS/10.1'&gt;&lt;WKT&gt;PROJCS[&amp;quot;NAD_1983_StatePlane_Pennsylvania_South_FIPS_3702_Feet&amp;quot;,GEOGCS[&amp;quot;GCS_North_American_1983&amp;quot;,DATUM[&amp;quot;D_North_American_1983&amp;quot;,SPHEROID[&amp;quot;GRS_1980&amp;quot;,6378137.0,298.257222101]],PRIMEM[&amp;quot;Greenwich&amp;quot;,0.0],UNIT[&amp;quot;Degree&amp;quot;,0.0174532925199433]],PROJECTION[&amp;quot;Lambert_Conformal_Conic&amp;quot;],PARAMETER[&amp;quot;False_Easting&amp;quot;,1968500.0],PARAMETER[&amp;quot;False_Northing&amp;quot;,0.0],PARAMETER[&amp;quot;Central_Meridian&amp;quot;,-77.75],PARAMETER[&amp;quot;Standard_Parallel_1&amp;quot;,39.93333333333333],PARAMETER[&amp;quot;Standard_Parallel_2&amp;quot;,40.96666666666667],PARAMETER[&amp;quot;Latitude_Of_Origin&amp;quot;,39.33333333333334],UNIT[&amp;quot;Foot_US&amp;quot;,0.3048006096012192],AUTHORITY[&amp;quot;EPSG&amp;quot;,2272]]&lt;/WKT&gt;&lt;XOrigin&gt;-119214200&lt;/XOrigin&gt;&lt;YOrigin&gt;-96198500&lt;/YOrigin&gt;&lt;XYScale&gt;37163717.489134133&lt;/XYScale&gt;&lt;ZOrigin&gt;-100000&lt;/ZOrigin&gt;&lt;ZScale&gt;10000&lt;/ZScale&gt;&lt;MOrigin&gt;-100000&lt;/MOrigin&gt;&lt;MScale&gt;10000&lt;/MScale&gt;&lt;XYTolerance&gt;0.0032808333333333331&lt;/XYTolerance&gt;&lt;ZTolerance&gt;0.001&lt;/ZTolerance&gt;&lt;MTolerance&gt;0.001&lt;/MTolerance&gt;&lt;HighPrecision&gt;true&lt;/HighPrecision&gt;&lt;WKID&gt;102729&lt;/WKID&gt;&lt;LatestWKID&gt;2272&lt;/LatestWKID&gt;&lt;/ProjectedCoordinateSystem&gt;</peXml></coordRef></DataProperties><SyncDate>20121024</SyncDate><SyncTime>13044200</SyncTime><ModDate>20121024</ModDate><ModTime>13044200</ModTime><MetaID>{ABA5CF18-A395-44C2-8702-CAF556B523DB}</MetaID></Esri><idinfo><native Sync="TRUE">Microsoft Windows XP Version 5.1 (Build 2600) Service Pack 3; ESRI ArcCatalog 9.3.1.3000</native><descript><langdata Sync="TRUE">en</langdata><abstract>REQUIRED: A brief narrative summary of the data set.</abstract><purpose>REQUIRED: A summary of the intentions with which the data set was developed.</purpose></descript><citation><citeinfo><origin>REQUIRED: The name of an organization or individual that developed the data set.</origin><pubdate>REQUIRED: The date when the data set is published or otherwise made available for release.</pubdate><title Sync="TRUE">streetcl_4_07</title><ftname Sync="TRUE">streetcl_4_07</ftname><geoform Sync="TRUE">vector digital data</geoform><onlink Sync="TRUE">\\DCP0137X\C$\TempStreetGuidebook\streetcl.mdb</onlink></citeinfo></citation><timeperd><current>REQUIRED: The basis on which the time period of content information is determined.</current><timeinfo><sngdate><caldate>REQUIRED: The year (and optionally month, or month and day) for which the data set corresponds to the ground.</caldate></sngdate></timeinfo></timeperd><status><progress>REQUIRED: The state of the data set.</progress><update>REQUIRED: The frequency with which changes and additions are made to the data set after the initial data set is completed.</update></status><spdom><bounding><westbc Sync="TRUE">-80.094057</westbc><eastbc Sync="TRUE">-79.863621</eastbc><northbc Sync="TRUE">40.503596</northbc><southbc Sync="TRUE">40.358495</southbc></bounding><lboundng><leftbc Sync="TRUE">1316692.322576</leftbc><rightbc Sync="TRUE">1379567.124976</rightbc><bottombc Sync="TRUE">382085.723941</bottombc><topbc Sync="TRUE">433375.665652</topbc></lboundng></spdom><keywords><theme><themekt>REQUIRED: Reference to a formally registered thesaurus or a similar authoritative source of theme keywords.</themekt><themekey>REQUIRED: Common-use word or phrase used to describe the subject of the data set.</themekey></theme></keywords><accconst>REQUIRED: Restrictions and legal prerequisites for accessing the data set.</accconst><useconst>REQUIRED: Restrictions and legal prerequisites for using the data set after access is granted.</useconst><natvform Sync="TRUE">Personal GeoDatabase Feature Class</natvform></idinfo><dataIdInfo><envirDesc Sync="TRUE">Microsoft Windows XP Version 5.1 (Build 2600) Service Pack 3; Esri ArcGIS 10.1.0.3035</envirDesc><dataLang><languageCode Sync="TRUE" value="en"></languageCode><countryCode value="US" Sync="TRUE"></countryCode></dataLang><idCitation><resTitle Sync="TRUE">StreetCenterlines</resTitle><presForm><PresFormCd Sync="TRUE" value="005"></PresFormCd></presForm></idCitation><spatRpType><SpatRepTypCd Sync="TRUE" value="001"></SpatRepTypCd></spatRpType><dataExt><geoEle><GeoBndBox esriExtentType="native"><westBL Sync="TRUE">1316692.322576</westBL><eastBL Sync="TRUE">1379567.124976</eastBL><northBL Sync="TRUE">433375.665652</northBL><southBL Sync="TRUE">382085.723941</southBL><exTypeCode Sync="TRUE">1</exTypeCode></GeoBndBox></geoEle></dataExt><geoBox esriExtentType="decdegrees"><westBL Sync="TRUE">-80.094057</westBL><eastBL Sync="TRUE">-79.863621</eastBL><northBL Sync="TRUE">40.503596</northBL><southBL Sync="TRUE">40.358495</southBL><exTypeCode Sync="TRUE">1</exTypeCode></geoBox></dataIdInfo><metainfo><langmeta Sync="TRUE">en</langmeta><metstdn Sync="TRUE">FGDC Content Standards for Digital Geospatial Metadata</metstdn><metstdv Sync="TRUE">FGDC-STD-001-1998</metstdv><mettc Sync="TRUE">local time</mettc><metc><cntinfo><cntorgp><cntper>REQUIRED: The person responsible for the metadata information.</cntper><cntorg>REQUIRED: The organization responsible for the metadata information.</cntorg></cntorgp><cntaddr><addrtype>REQUIRED: The mailing and/or physical address for the organization or individual.</addrtype><city>REQUIRED: The city of the address.</city><state>REQUIRED: The state or province of the address.</state><postal>REQUIRED: The ZIP or other postal code of the address.</postal></cntaddr><cntvoice>REQUIRED: The telephone number by which individuals can speak to the organization or individual.</cntvoice></cntinfo></metc><metd Sync="TRUE">20091105</metd></metainfo><mdLang><languageCode Sync="TRUE" value="en"></languageCode><countryCode value="US" Sync="TRUE"></countryCode></mdLang><mdStanName Sync="TRUE">ISO 19115 Geographic Information - Metadata</mdStanName><mdStanVer Sync="TRUE">DIS_ESRI1.0</mdStanVer><mdChar><CharSetCd Sync="TRUE" value="004"></CharSetCd></mdChar><mdHrLv><ScopeCd Sync="TRUE" value="005"></ScopeCd></mdHrLv><mdHrLvName Sync="TRUE">dataset</mdHrLvName><distinfo><resdesc Sync="TRUE">Downloadable Data</resdesc><stdorder><digform><digtinfo><transize Sync="TRUE">2.862</transize><dssize Sync="TRUE">2.862</dssize></digtinfo></digform></stdorder></distinfo><distInfo><distributor><distorTran><onLineSrc><orDesc Sync="TRUE">002</orDesc><linkage Sync="TRUE">file://\\DCP0137X\C$\TempStreetGuidebook\streetcl.mdb</linkage><protocol Sync="TRUE">Local Area Network</protocol></onLineSrc><transSize Sync="TRUE">2.862</transSize></distorTran><distorFormat><formatName Sync="TRUE">Personal GeoDatabase Feature Class</formatName></distorFormat></distributor><distFormat><formatName Sync="TRUE">Shapefile</formatName></distFormat><distTranOps><transSize Sync="TRUE">0.000</transSize></distTranOps></distInfo><spdoinfo><direct Sync="TRUE">Vector</direct><ptvctinf><esriterm Name="StreetCenterlines"><efeatyp Sync="TRUE">Simple</efeatyp><efeageom code="3" Sync="TRUE"></efeageom><esritopo Sync="TRUE">FALSE</esritopo><efeacnt Sync="TRUE">0</efeacnt><spindex Sync="TRUE">FALSE</spindex><linrefer Sync="TRUE">FALSE</linrefer></esriterm></ptvctinf></spdoinfo><spref><horizsys><cordsysn><geogcsn Sync="TRUE">GCS_North_American_1983</geogcsn><projcsn Sync="TRUE">NAD_1983_StatePlane_Pennsylvania_South_FIPS_3702_Feet</projcsn></cordsysn><planar><planci><plance Sync="TRUE">coordinate pair</plance><plandu Sync="TRUE">survey feet</plandu><coordrep><absres Sync="TRUE">0.000328</absres><ordres Sync="TRUE">0.000328</ordres></coordrep></planci></planar><geodetic><horizdn Sync="TRUE">North American Datum of 1983</horizdn><ellips Sync="TRUE">Geodetic Reference System 80</ellips><semiaxis Sync="TRUE">6378137.000000</semiaxis><denflat Sync="TRUE">298.257222</denflat></geodetic></horizsys><vertdef><altsys><altenc Sync="TRUE">Explicit elevation coordinate included with horizontal coordinates</altenc><altres Sync="TRUE">1.000000</altres></altsys></vertdef></spref><refSysInfo><RefSystem><refSysID><identCode Sync="TRUE" value="2272">NAD_1983_StatePlane_Pennsylvania_South_FIPS_3702_Feet</identCode><idCodeSpace Sync="TRUE">EPSG</idCodeSpace><idVersion Sync="TRUE">7.9.4</idVersion></refSysID></RefSystem></refSysInfo><spatRepInfo><VectSpatRep><geometObjs Name="StreetCenterlines"><geoObjTyp><GeoObjTypCd value="002" Sync="TRUE"></GeoObjTypCd></geoObjTyp><geoObjCnt Sync="TRUE">0</geoObjCnt></geometObjs><topLvl><TopoLevCd value="001" Sync="TRUE"></TopoLevCd></topLvl></VectSpatRep></spatRepInfo><eainfo><detailed Name="StreetCenterlines"><attr><attrlabl Sync="TRUE">SHAPE</attrlabl><attalias Sync="TRUE">PAVEDDATE</attalias><attrtype Sync="TRUE">Date</attrtype><attwidth Sync="TRUE">8</attwidth><atprecis Sync="TRUE">0</atprecis><attscale Sync="TRUE">0</attscale><attrdef Sync="TRUE">Feature geometry.</attrdef><attrdefs Sync="TRUE">ESRI</attrdefs><attrdomv><udom Sync="TRUE">Coordinates defining the features.</udom></attrdomv></attr><attr><attrlabl Sync="TRUE">SYMBOLOGY</attrlabl><attalias Sync="TRUE">FID</attalias><attrtype Sync="TRUE">OID</attrtype><attwidth Sync="TRUE">4</attwidth><atprecis Sync="TRUE">0</atprecis><attscale Sync="TRUE">0</attscale><attrdef Sync="TRUE">Length of feature in internal units.</attrdef><attrdefs Sync="TRUE">ESRI</attrdefs><attrdomv><udom Sync="TRUE">Positive real numbers that are automatically generated.</udom></attrdomv></attr><attr><attrlabl Sync="TRUE">PavedDate</attrlabl><attalias Sync="TRUE">TRUCKROUTE</attalias><attrtype Sync="TRUE">String</attrtype><attwidth Sync="TRUE">1</attwidth><atprecis Sync="TRUE">0</atprecis><attscale Sync="TRUE">0</attscale><attrdef Sync="TRUE">Internal feature number.</attrdef><attrdefs Sync="TRUE">ESRI</attrdefs><attrdomv><udom Sync="TRUE">Sequential unique whole numbers that are automatically generated.</udom></attrdomv></attr><attr><attrlabl Sync="TRUE">OBJECTID_2</attrlabl><attalias Sync="TRUE">OBJECTID_2</attalias><attrtype Sync="TRUE">Double</attrtype><attwidth Sync="TRUE">19</attwidth><atprecis Sync="TRUE">0</atprecis><attscale Sync="TRUE">0</attscale></attr><attr><attrlabl Sync="TRUE">TruckRoute</attrlabl><attalias Sync="TRUE">CLASS</attalias><attrtype Sync="TRUE">String</attrtype><attwidth Sync="TRUE">20</attwidth><atprecis Sync="TRUE">0</atprecis><attscale Sync="TRUE">0</attscale><attrdef Sync="TRUE">Internal feature number.</attrdef><attrdefs Sync="TRUE">ESRI</attrdefs><attrdomv><udom Sync="TRUE">Sequential unique whole numbers that are automatically generated.</udom></attrdomv></attr><attr><attrlabl Sync="TRUE">CLASS</attrlabl><attalias Sync="TRUE">OBJECTID</attalias><attrtype Sync="TRUE">Double</attrtype><attwidth Sync="TRUE">19</attwidth><atprecis Sync="TRUE">0</atprecis><attscale Sync="TRUE">0</attscale><attrdef Sync="TRUE">Internal feature number.</attrdef><attrdefs Sync="TRUE">ESRI</attrdefs><attrdomv><udom Sync="TRUE">Sequential unique whole numbers that are automatically generated.</udom></attrdomv></attr><enttyp><enttypl Sync="TRUE">StreetCenterlines</enttypl><enttypt Sync="TRUE">Feature Class</enttypt><enttypc Sync="TRUE">0</enttypc></enttyp><attr><attrlabl Sync="TRUE">OBJECTID</attrlabl><attalias Sync="TRUE">FNODE_NO</attalias><attrtype Sync="TRUE">Double</attrtype><attwidth Sync="TRUE">19</attwidth><atprecis Sync="TRUE">0</atprecis><attscale Sync="TRUE">0</attscale></attr><attr><attrlabl Sync="TRUE">FNODE_NO</attrlabl><attalias Sync="TRUE">TNODE_NO</attalias><attrtype Sync="TRUE">Double</attrtype><attwidth Sync="TRUE">19</attwidth><atprecis Sync="TRUE">0</atprecis><attscale Sync="TRUE">0</attscale></attr><attr><attrlabl Sync="TRUE">TNODE_NO</attrlabl><attalias Sync="TRUE">LPOLY_NO</attalias><attrtype Sync="TRUE">Double</attrtype><attwidth Sync="TRUE">19</attwidth><atprecis Sync="TRUE">0</atprecis><attscale Sync="TRUE">0</attscale></attr><attr><attrlabl Sync="TRUE">LPOLY_NO</attrlabl><attalias Sync="TRUE">RPOLY_NO</attalias><attrtype Sync="TRUE">Double</attrtype><attwidth Sync="TRUE">19</attwidth><atprecis Sync="TRUE">0</atprecis><attscale Sync="TRUE">0</attscale></attr><attr><attrlabl Sync="TRUE">RPOLY_NO</attrlabl><attalias Sync="TRUE">LENGTH</attalias><attrtype Sync="TRUE">Double</attrtype><attwidth Sync="TRUE">19</attwidth><atprecis Sync="TRUE">0</atprecis><attscale Sync="TRUE">0</attscale></attr><attr><attrlabl Sync="TRUE">LENGTH</attrlabl><attalias Sync="TRUE">STREETCL_N</attalias><attrtype Sync="TRUE">Double</attrtype><attwidth Sync="TRUE">19</attwidth><atprecis Sync="TRUE">0</atprecis><attscale Sync="TRUE">0</attscale></attr><attr><attrlabl Sync="TRUE">STREETCL_N</attrlabl><attalias Sync="TRUE">STREETCL_I</attalias><attrtype Sync="TRUE">Double</attrtype><attwidth Sync="TRUE">19</attwidth><atprecis Sync="TRUE">0</atprecis><attscale Sync="TRUE">0</attscale></attr><attr><attrlabl Sync="TRUE">STREETCL_I</attrlabl><attalias Sync="TRUE">PREFIX</attalias><attrtype Sync="TRUE">String</attrtype><attwidth Sync="TRUE">2</attwidth><atprecis Sync="TRUE">0</atprecis><attscale Sync="TRUE">0</attscale></attr><attr><attrlabl Sync="TRUE">PREFIX</attrlabl><attalias Sync="TRUE">NAME</attalias><attrtype Sync="TRUE">String</attrtype><attwidth Sync="TRUE">35</attwidth><atprecis Sync="TRUE">0</atprecis><attscale Sync="TRUE">0</attscale></attr><attr><attrlabl Sync="TRUE">NAME</attrlabl><attalias Sync="TRUE">TYPE</attalias><attrtype Sync="TRUE">String</attrtype><attwidth Sync="TRUE">4</attwidth><atprecis Sync="TRUE">0</atprecis><attscale Sync="TRUE">0</attscale></attr><attr><attrlabl Sync="TRUE">TYPE</attrlabl><attalias Sync="TRUE">SUFFIX</attalias><attrtype Sync="TRUE">String</attrtype><attwidth Sync="TRUE">2</attwidth><atprecis Sync="TRUE">0</atprecis><attscale Sync="TRUE">0</attscale></attr><attr><attrlabl Sync="TRUE">SUFFIX</attrlabl><attalias Sync="TRUE">DIR</attalias><attrtype Sync="TRUE">String</attrtype><attwidth Sync="TRUE">3</attwidth><atprecis Sync="TRUE">0</atprecis><attscale Sync="TRUE">0</attscale></attr><attr><attrlabl Sync="TRUE">DIR</attrlabl><attalias Sync="TRUE">STREETNAME</attalias><attrtype Sync="TRUE">String</attrtype><attwidth Sync="TRUE">50</attwidth><atprecis Sync="TRUE">0</atprecis><attscale Sync="TRUE">0</attscale></attr><attr><attrlabl Sync="TRUE">STREETNAME</attrlabl><attalias Sync="TRUE">ALTERNATEN</attalias><attrtype Sync="TRUE">String</attrtype><attwidth Sync="TRUE">50</attwidth><atprecis Sync="TRUE">0</atprecis><attscale Sync="TRUE">0</attscale></attr><attr><attrlabl Sync="TRUE">ALTERNATEN</attrlabl><attalias Sync="TRUE">LLEFT</attalias><attrtype Sync="TRUE">Double</attrtype><attwidth Sync="TRUE">19</attwidth><atprecis Sync="TRUE">0</atprecis><attscale Sync="TRUE">0</attscale></attr><attr><attrlabl Sync="TRUE">LLEFT</attrlabl><attalias Sync="TRUE">HLEFT</attalias><attrtype Sync="TRUE">Double</attrtype><attwidth Sync="TRUE">19</attwidth><atprecis Sync="TRUE">0</atprecis><attscale Sync="TRUE">0</attscale></attr><attr><attrlabl Sync="TRUE">HLEFT</attrlabl><attalias Sync="TRUE">LRGT</attalias><attrtype Sync="TRUE">Double</attrtype><attwidth Sync="TRUE">19</attwidth><atprecis Sync="TRUE">0</atprecis><attscale Sync="TRUE">0</attscale></attr><attr><attrlabl Sync="TRUE">LRGT</attrlabl><attalias Sync="TRUE">HRGT</attalias><attrtype Sync="TRUE">Double</attrtype><attwidth Sync="TRUE">19</attwidth><atprecis Sync="TRUE">0</atprecis><attscale Sync="TRUE">0</attscale></attr><attr><attrlabl Sync="TRUE">HRGT</attrlabl><attalias Sync="TRUE">FROMSTREET</attalias><attrtype Sync="TRUE">String</attrtype><attwidth Sync="TRUE">50</attwidth><atprecis Sync="TRUE">0</atprecis><attscale Sync="TRUE">0</attscale></attr><attr><attrlabl Sync="TRUE">FROMSTREET</attrlabl><attalias Sync="TRUE">TOSTREET</attalias><attrtype Sync="TRUE">String</attrtype><attwidth Sync="TRUE">50</attwidth><atprecis Sync="TRUE">0</atprecis><attscale Sync="TRUE">0</attscale></attr><attr><attrlabl Sync="TRUE">TOSTREET</attrlabl><attalias Sync="TRUE">ZIPL</attalias><attrtype Sync="TRUE">String</attrtype><attwidth Sync="TRUE">10</attwidth><atprecis Sync="TRUE">0</atprecis><attscale Sync="TRUE">0</attscale></attr><attr><attrlabl Sync="TRUE">ZIPL</attrlabl><attalias Sync="TRUE">ZIPR</attalias><attrtype Sync="TRUE">String</attrtype><attwidth Sync="TRUE">10</attwidth><atprecis Sync="TRUE">0</atprecis><attscale Sync="TRUE">0</attscale></attr><attr><attrlabl Sync="TRUE">ZIPR</attrlabl><attalias Sync="TRUE">MCDL</attalias><attrtype Sync="TRUE">String</attrtype><attwidth Sync="TRUE">10</attwidth><atprecis Sync="TRUE">0</atprecis><attscale Sync="TRUE">0</attscale></attr><attr><attrlabl Sync="TRUE">MCDL</attrlabl><attalias Sync="TRUE">MCDR</attalias><attrtype Sync="TRUE">String</attrtype><attwidth Sync="TRUE">10</attwidth><atprecis Sync="TRUE">0</atprecis><attscale Sync="TRUE">0</attscale></attr><attr><attrlabl Sync="TRUE">MCDR</attrlabl><attalias Sync="TRUE">OWNER</attalias><attrtype Sync="TRUE">String</attrtype><attwidth Sync="TRUE">20</attwidth><atprecis Sync="TRUE">0</atprecis><attscale Sync="TRUE">0</attscale></attr><attr><attrlabl Sync="TRUE">OWNER</attrlabl><attalias Sync="TRUE">BELTWAY</attalias><attrtype Sync="TRUE">String</attrtype><attwidth Sync="TRUE">20</attwidth><atprecis Sync="TRUE">0</atprecis><attscale Sync="TRUE">0</attscale></attr><attr><attrlabl Sync="TRUE">BELTWAY</attrlabl><attalias Sync="TRUE">MAJORRD</attalias><attrtype Sync="TRUE">String</attrtype><attwidth Sync="TRUE">20</attwidth><atprecis Sync="TRUE">0</atprecis><attscale Sync="TRUE">0</attscale></attr><attr><attrlabl Sync="TRUE">MAJORRD</attrlabl><attalias Sync="TRUE">NO_LANES</attalias><attrtype Sync="TRUE">Double</attrtype><attwidth Sync="TRUE">19</attwidth><atprecis Sync="TRUE">0</atprecis><attscale Sync="TRUE">0</attscale></attr><attr><attrlabl Sync="TRUE">NO_LANES</attrlabl><attalias Sync="TRUE">CFCC</attalias><attrtype Sync="TRUE">String</attrtype><attwidth Sync="TRUE">4</attwidth><atprecis Sync="TRUE">0</atprecis><attscale Sync="TRUE">0</attscale></attr><attr><attrlabl Sync="TRUE">CFCC</attrlabl><attalias Sync="TRUE">GDTLINK</attalias><attrtype Sync="TRUE">String</attrtype><attwidth Sync="TRUE">10</attwidth><atprecis Sync="TRUE">0</atprecis><attscale Sync="TRUE">0</attscale></attr><attr><attrlabl Sync="TRUE">GDTLINK</attrlabl><attalias Sync="TRUE">ONEWAY</attalias><attrtype Sync="TRUE">String</attrtype><attwidth Sync="TRUE">2</attwidth><atprecis Sync="TRUE">0</atprecis><attscale Sync="TRUE">0</attscale></attr><attr><attrlabl Sync="TRUE">ONEWAY</attrlabl><attalias Sync="TRUE">STCL_CODE</attalias><attrtype Sync="TRUE">Double</attrtype><attwidth Sync="TRUE">19</attwidth><atprecis Sync="TRUE">0</atprecis><attscale Sync="TRUE">0</attscale></attr><attr><attrlabl Sync="TRUE">STCL_CODE</attrlabl><attalias Sync="TRUE">UNIQUE_ID</attalias><attrtype Sync="TRUE">Double</attrtype><attwidth Sync="TRUE">19</attwidth><atprecis Sync="TRUE">0</atprecis><attscale Sync="TRUE">0</attscale></attr><attr><attrlabl Sync="TRUE">UNIQUE_ID</attrlabl><attalias Sync="TRUE">ROUTE_NO</attalias><attrtype Sync="TRUE">String</attrtype><attwidth Sync="TRUE">10</attwidth><atprecis Sync="TRUE">0</atprecis><attscale Sync="TRUE">0</attscale></attr><attr><attrlabl Sync="TRUE">ROUTE_NO</attrlabl><attalias Sync="TRUE">STD_RNG</attalias><attrtype Sync="TRUE">String</attrtype><attwidth Sync="TRUE">1</attwidth><atprecis Sync="TRUE">0</atprecis><attscale Sync="TRUE">0</attscale></attr><attr><attrlabl Sync="TRUE">STD_RNG</attrlabl><attalias Sync="TRUE">CHECKED</attalias><attrtype Sync="TRUE">Date</attrtype><attwidth Sync="TRUE">8</attwidth><atprecis Sync="TRUE">0</atprecis><attscale Sync="TRUE">0</attscale></attr><attr><attrlabl Sync="TRUE">CHECKED</attrlabl><attalias Sync="TRUE">CHANGED</attalias><attrtype Sync="TRUE">String</attrtype><attwidth Sync="TRUE">1</attwidth><atprecis Sync="TRUE">0</atprecis><attscale Sync="TRUE">0</attscale></attr><attr><attrlabl Sync="TRUE">CHANGED</attrlabl><attalias Sync="TRUE">STADDED</attalias><attrtype Sync="TRUE">String</attrtype><attwidth Sync="TRUE">1</attwidth><atprecis Sync="TRUE">0</atprecis><attscale Sync="TRUE">0</attscale></attr><attr><attrlabl Sync="TRUE">STADDED</attrlabl><attalias Sync="TRUE">CLTYPE</attalias><attrtype Sync="TRUE">String</attrtype><attwidth Sync="TRUE">1</attwidth><atprecis Sync="TRUE">0</atprecis><attscale Sync="TRUE">0</attscale></attr><attr><attrlabl Sync="TRUE">CLTYPE</attrlabl><attalias Sync="TRUE">HALFVAC</attalias><attrtype Sync="TRUE">String</attrtype><attwidth Sync="TRUE">10</attwidth><atprecis Sync="TRUE">0</atprecis><attscale Sync="TRUE">0</attscale></attr><attr><attrlabl Sync="TRUE">HALFVAC</attrlabl><attalias Sync="TRUE">CEN20LT</attalias><attrtype Sync="TRUE">String</attrtype><attwidth Sync="TRUE">4</attwidth><atprecis Sync="TRUE">0</atprecis><attscale Sync="TRUE">0</attscale></attr><attr><attrlabl Sync="TRUE">CEN20LT</attrlabl><attalias Sync="TRUE">Shape</attalias><attrtype Sync="TRUE">Geometry</attrtype><attwidth Sync="TRUE">0</attwidth><atprecis Sync="TRUE">0</atprecis><attscale Sync="TRUE">0</attscale><attrdef Sync="TRUE">Feature geometry.</attrdef><attrdefs Sync="TRUE">ESRI</attrdefs><attrdomv><udom Sync="TRUE">Coordinates defining the features.</udom></attrdomv></attr><attr><attrlabl Sync="TRUE">Shape</attrlabl><attalias Sync="TRUE">ZONE_LEFT</attalias><attrtype Sync="TRUE">String</attrtype><attwidth Sync="TRUE">1</attwidth><attrdef Sync="TRUE">Feature geometry.</attrdef><attrdefs Sync="TRUE">ESRI</attrdefs><attrdomv><udom Sync="TRUE">Coordinates defining the features.</udom></attrdomv><atprecis Sync="TRUE">0</atprecis><attscale Sync="TRUE">0</attscale></attr><attr><attrlabl Sync="TRUE">ZONE_LEFT</attrlabl><attalias Sync="TRUE">ZONE_RIGHT</attalias><attrtype Sync="TRUE">String</attrtype><attwidth Sync="TRUE">1</attwidth><atprecis Sync="TRUE">0</atprecis><attscale Sync="TRUE">0</attscale></attr><attr><attrlabl Sync="TRUE">ZONE_RIGHT</attrlabl><attalias Sync="TRUE">HOOD_LEFT</attalias><attrtype Sync="TRUE">String</attrtype><attwidth Sync="TRUE">40</attwidth><atprecis Sync="TRUE">0</atprecis><attscale Sync="TRUE">0</attscale></attr><attr><attrlabl Sync="TRUE">HOOD_LEFT</attrlabl><attalias Sync="TRUE">HOOD_RIGHT</attalias><attrtype Sync="TRUE">String</attrtype><attwidth Sync="TRUE">40</attwidth><atprecis Sync="TRUE">0</atprecis><attscale Sync="TRUE">0</attscale></attr><attr><attrlabl Sync="TRUE">HOOD_RIGHT</attrlabl><attalias Sync="TRUE">DPW_ZON_LT</attalias><attrtype Sync="TRUE">String</attrtype><attwidth Sync="TRUE">1</attwidth><atprecis Sync="TRUE">0</atprecis><attscale Sync="TRUE">0</attscale></attr><attr><attrlabl Sync="TRUE">DPW_ZON_LT</attrlabl><attalias Sync="TRUE">DPW_ZON_RT</attalias><attrtype Sync="TRUE">String</attrtype><attwidth Sync="TRUE">1</attwidth><atprecis Sync="TRUE">0</atprecis><attscale Sync="TRUE">0</attscale></attr><attr><attrlabl Sync="TRUE">DPW_ZON_RT</attrlabl><attalias Sync="TRUE">FIRE_ZN_LT</attalias><attrtype Sync="TRUE">String</attrtype><attwidth Sync="TRUE">4</attwidth><atprecis Sync="TRUE">0</atprecis><attscale Sync="TRUE">0</attscale></attr><attr><attrlabl Sync="TRUE">FIRE_ZN_LT</attrlabl><attalias Sync="TRUE">FIRE_ZN_RT</attalias><attrtype Sync="TRUE">String</attrtype><attwidth Sync="TRUE">4</attwidth><atprecis Sync="TRUE">0</atprecis><attscale Sync="TRUE">0</attscale></attr><attr><attrlabl Sync="TRUE">FIRE_ZN_RT</attrlabl><attalias Sync="TRUE">WARD_LT</attalias><attrtype Sync="TRUE">String</attrtype><attwidth Sync="TRUE">2</attwidth><atprecis Sync="TRUE">0</atprecis><attscale Sync="TRUE">0</attscale></attr><attr><attrlabl Sync="TRUE">WARD_LT</attrlabl><attalias Sync="TRUE">WARD_RG</attalias><attrtype Sync="TRUE">String</attrtype><attwidth Sync="TRUE">2</attwidth><atprecis Sync="TRUE">0</atprecis><attscale Sync="TRUE">0</attscale></attr><attr><attrlabl Sync="TRUE">WARD_RG</attrlabl><attalias Sync="TRUE">NH_L</attalias><attrtype Sync="TRUE">String</attrtype><attwidth Sync="TRUE">2</attwidth><atprecis Sync="TRUE">0</atprecis><attscale Sync="TRUE">0</attscale></attr><attr><attrlabl Sync="TRUE">NH_L</attrlabl><attalias Sync="TRUE">CEN20RG</attalias><attrtype Sync="TRUE">String</attrtype><attwidth Sync="TRUE">4</attwidth><atprecis Sync="TRUE">0</atprecis><attscale Sync="TRUE">0</attscale></attr><attr><attrlabl Sync="TRUE">CEN20RG</attrlabl><attalias Sync="TRUE">COUNCIL_LT</attalias><attrtype Sync="TRUE">String</attrtype><attwidth Sync="TRUE">1</attwidth><atprecis Sync="TRUE">0</atprecis><attscale Sync="TRUE">0</attscale></attr><attr><attrlabl Sync="TRUE">COUNCIL_LT</attrlabl><attalias Sync="TRUE">COUNCIL_RT</attalias><attrtype Sync="TRUE">String</attrtype><attwidth Sync="TRUE">1</attwidth><atprecis Sync="TRUE">0</atprecis><attscale Sync="TRUE">0</attscale></attr><attr><attrlabl Sync="TRUE">COUNCIL_RT</attrlabl><attalias Sync="TRUE">VOTE_DT_LT</attalias><attrtype Sync="TRUE">String</attrtype><attwidth Sync="TRUE">2</attwidth><atprecis Sync="TRUE">0</atprecis><attscale Sync="TRUE">0</attscale></attr><attr><attrlabl Sync="TRUE">VOTE_DT_LT</attrlabl><attalias Sync="TRUE">VOTE_DT_RT</attalias><attrtype Sync="TRUE">String</attrtype><attwidth Sync="TRUE">2</attwidth><atprecis Sync="TRUE">0</atprecis><attscale Sync="TRUE">0</attscale></attr><attr><attrlabl Sync="TRUE">VOTE_DT_RT</attrlabl><attalias Sync="TRUE">NH_R</attalias><attrtype Sync="TRUE">String</attrtype><attwidth Sync="TRUE">2</attwidth><atprecis Sync="TRUE">0</atprecis><attscale Sync="TRUE">0</attscale></attr><attr><attrlabl Sync="TRUE">NH_R</attrlabl><attalias Sync="TRUE">OldFireZnL</attalias><attrtype Sync="TRUE">String</attrtype><attwidth Sync="TRUE">10</attwidth><atprecis Sync="TRUE">0</atprecis><attscale Sync="TRUE">0</attscale></attr><attr><attrlabl Sync="TRUE">Cartegraph</attrlabl><attalias Sync="TRUE">Cartegraph</attalias><attrtype Sync="TRUE">Double</attrtype><attwidth Sync="TRUE">19</attwidth><atprecis Sync="TRUE">0</atprecis><attscale Sync="TRUE">0</attscale></attr><attr><attrlabl Sync="TRUE">StreetFrom</attrlabl><attalias Sync="TRUE">StreetFrom</attalias><attrtype Sync="TRUE">String</attrtype><attwidth Sync="TRUE">100</attwidth><atprecis Sync="TRUE">0</atprecis><attscale Sync="TRUE">0</attscale></attr><attr><attrlabl Sync="TRUE">OldFireZnL</attrlabl><attalias Sync="TRUE">OldFireZnR</attalias><attrtype Sync="TRUE">String</attrtype><attwidth Sync="TRUE">10</attwidth><atprecis Sync="TRUE">0</atprecis><attscale Sync="TRUE">0</attscale></attr><attr><attrlabl Sync="TRUE">OldFireZnR</attrlabl><attalias Sync="TRUE">SYMBOLOGY</attalias><attrtype Sync="TRUE">SmallInteger</attrtype><attwidth Sync="TRUE">4</attwidth><atprecis Sync="TRUE">4</atprecis><attscale Sync="TRUE">0</attscale></attr><attr><attrlabl Sync="TRUE">Shape_Leng</attrlabl><attalias Sync="TRUE">Shape_Leng</attalias><attrtype Sync="TRUE">Double</attrtype><attwidth Sync="TRUE">19</attwidth><atprecis Sync="TRUE">0</atprecis><attscale Sync="TRUE">0</attscale></attr></detailed><detailed Name="GIS_PROD.Anno_1456_1458"><enttyp><enttypl Sync="TRUE">GIS_PROD.Anno_1456_1458</enttypl><enttypt Sync="TRUE">Relationship</enttypt></enttyp></detailed><detailed Name="GIS_PROD.Anno_1456_1459"><enttyp><enttypl Sync="TRUE">GIS_PROD.Anno_1456_1459</enttypl><enttypt Sync="TRUE">Relationship</enttypt></enttyp></detailed><detailed Name="GIS_PROD.Anno_1456_1462"><enttyp><enttypl Sync="TRUE">GIS_PROD.Anno_1456_1462</enttypl><enttypt Sync="TRUE">Relationship</enttypt></enttyp></detailed><detailed Name="GIS_PROD.Anno_1456_1460"><enttyp><enttypl Sync="TRUE">GIS_PROD.Anno_1456_1460</enttypl><enttypt Sync="TRUE">Relationship</enttypt></enttyp></detailed><detailed Name="GIS_PROD.Anno_1456_1463"><enttyp><enttypl Sync="TRUE">GIS_PROD.Anno_1456_1463</enttypl><enttypt Sync="TRUE">Relationship</enttypt></enttyp></detailed><detailed Name="GIS_PROD.Anno_1456_1464"><enttyp><enttypl Sync="TRUE">GIS_PROD.Anno_1456_1464</enttypl><enttypt Sync="TRUE">Relationship</enttypt></enttyp></detailed><detailed Name="GIS_PROD.Anno_1456_1465"><enttyp><enttypl Sync="TRUE">GIS_PROD.Anno_1456_1465</enttypl><enttypt Sync="TRUE">Relationship</enttypt></enttyp></detailed><detailed Name="GIS_PROD.Anno_1456_1466"><enttyp><enttypl Sync="TRUE">GIS_PROD.Anno_1456_1466</enttypl><enttypt Sync="TRUE">Relationship</enttypt></enttyp></detailed><detailed Name="GIS_PROD.Anno_1456_1467"><enttyp><enttypl Sync="TRUE">GIS_PROD.Anno_1456_1467</enttypl><enttypt Sync="TRUE">Relationship</enttypt></enttyp></detailed><detailed Name="GIS_PROD.Anno_1456_1468"><enttyp><enttypl Sync="TRUE">GIS_PROD.Anno_1456_1468</enttypl><enttypt Sync="TRUE">Relationship</enttypt></enttyp></detailed></eainfo><mdDateSt Sync="TRUE">20121024</mdDateSt><dataqual><lineage><procstep><procdesc Sync="TRUE">Dataset copied.</procdesc><srcused Sync="TRUE">Server=gis0011; Service=esri_sde; Database=gisprod; User=gis_prod; Version=SDE.DEFAULT</srcused><date Sync="TRUE">20070417</date><time Sync="TRUE">10341800</time></procstep></lineage></dataqual></metadata>
