<?xml version="1.0" encoding="UTF-8"?>
<metadata><idinfo><citation><citeinfo><origin>Allegheny County Division of Computer Services Geographic Information Systems Group; Modified by GDR for the Allegheny County CAD project, October 2008.</origin><pubdate>first published February 2009</pubdate><title>streets</title><geoform>vector digital data</geoform><serinfo><sername>911 Address Verification Project</sername></serinfo><onlink>\\DCSCOB0315AD004\C$\Temp\streets.shp</onlink><ftname Sync="TRUE">ALCO_PUB.DBO.COUNTY_CO_STREETS_Display</ftname></citeinfo></citation><descript><abstract>This dataset contains street centerlines for vehicular and foot traffic in Allegheny County. Street Centerlines are classified as Primary Road, Secondary Road, Unpaved Road, Limited Access Road, Connecting Road, Jeep Trail, Walkway, Stairway, Alleyway and Unknown.  Modified by GDR for the Allegheny County CAD project, October 2008. Data is updated by County staff as changes and corrections are found, on a continuous basis. Updates are sent to PASDA monthly.</abstract><purpose>Data was developed as part of the effort to establish large scale base data to support a Geographic Information System in Allegheny County</purpose><supplinf>Data users are welcome to e-mail corrections to this dataset.</supplinf><langdata Sync="TRUE">en</langdata></descript><timeperd><timeinfo><sngdate><caldate>first published February 2009</caldate></sngdate></timeinfo><current>publication date</current></timeperd><status><progress>In work</progress><update>Continually</update></status><spdom><bounding><westbc>
-79.959468</westbc><eastbc>
-79.919319</eastbc><northbc>
40.430509</northbc><southbc>
40.397843</southbc></bounding><lboundng><leftbc Sync="TRUE">1241725.750175</leftbc><rightbc Sync="TRUE">1431186.270007</rightbc><bottombc Sync="TRUE">320518.794068</bottombc><topbc Sync="TRUE">498621.500149</topbc></lboundng></spdom><keywords><theme><themekt>STREET CENTERLINE</themekt><themekey>STREET CENTERLINE</themekey></theme></keywords><useconst>All parties acknowledge that the data is for informational purposes only. The existing digital data is shipped as is and there is no guarantee as to its completeness or accuracy. Allegheny County Division of Computer Services Geographic Information Systems Group is not responsible for any reliance upon said data.</useconst><ptcontac><cntinfo><cntorgp><cntorg>Allegheny County Division of Computer Services Geographic Information Systems Group</cntorg></cntorgp><cntaddr><addrtype>mailing and physical address</addrtype><address>621 County Office Building</address><address>542 Forbes Ave.</address><city>Pittsburgh</city><state>PA</state><postal>15219</postal><country>United States</country></cntaddr><cntvoice>(412) 350-4774</cntvoice><cntfax>(412) 350-4754</cntfax><cntemail>GIShelp@alleghenycounty.us</cntemail></cntinfo></ptcontac><native>Microsoft Windows Vista Version 6.1 (Build 7601) Service Pack 1; ESRI ArcCatalog 9.3.1.4000</native><natvform Sync="TRUE">SDE Feature Class</natvform></idinfo><dataqual><attracc><attraccr>Modified by GDR for the Allegheny County CAD project, October 2008.
Data was subject to visual check by County GIS Staff for attribute accuracy.

NOTE: This data is considered to be spatially accurate, but lacking attributes such as address ranges, street names and zip codes, making it inappropriate for geocoding applications.</attraccr></attracc><logic>Modified by GDR for the Allegheny County CAD project, October 2008.</logic><complete>Modified by GDR for the Allegheny County CAD project, October 2008.
As part of the 2004 update project, mapping was provided covering an area extending 1500 feet beyond the county boundary line. All planimetric, contour and DTM features were delivered in ESRI geodatabase format as County-wide seamless Feature Classes.</complete><lineage><srcinfo><srccite><citeinfo><origin>Allegheny County Division of Computer Services Geographic Information Systems Group</origin></citeinfo></srccite></srcinfo><procstep><procdesc>Metadata imported.</procdesc><procdate>20130228</procdate><proctime>10184700</proctime></procstep></lineage></dataqual><spdoinfo><direct>Vector</direct><ptvctinf><sdtsterm Name="ALCO_PUB.DBO.COUNTY_CO_STREETS_Display"><sdtstype>String</sdtstype><ptvctcnt>990</ptvctcnt></sdtsterm><esriterm Name="ALCO_PUB.DBO.COUNTY_CO_STREETS_Display"><efeatyp Sync="TRUE">Simple</efeatyp><efeageom Sync="TRUE">Polyline</efeageom><esritopo Sync="TRUE">FALSE</esritopo><efeacnt Sync="TRUE">90699</efeacnt><spindex Sync="TRUE">TRUE</spindex><linrefer Sync="TRUE">FALSE</linrefer></esriterm></ptvctinf></spdoinfo><spref><horizsys><planar><planci><plance>coordinate pair</plance><coordrep><absres>0.000000</absres><ordres>0.000000</ordres></coordrep><plandu>survey feet</plandu></planci><mapproj><mapprojn Sync="TRUE">Lambert Conformal Conic</mapprojn><lambertc><stdparll Sync="TRUE">39.933333</stdparll><stdparll Sync="TRUE">40.966667</stdparll><longcm Sync="TRUE">-77.750000</longcm><latprjo Sync="TRUE">39.333333</latprjo><feast Sync="TRUE">1968500.000000</feast><fnorth Sync="TRUE">0.000000</fnorth></lambertc></mapproj></planar><geodetic><horizdn>North American Datum of 1983</horizdn><ellips>Geodetic Reference System 80</ellips><semiaxis>6378137.000000</semiaxis><denflat>298.257222</denflat></geodetic><cordsysn><geogcsn Sync="TRUE">GCS_North_American_1983</geogcsn><projcsn Sync="TRUE">NAD_1983_StatePlane_Pennsylvania_South_FIPS_3702_Feet</projcsn></cordsysn></horizsys><vertdef><altsys><altres>1.000000</altres><altenc>Explicit elevation coordinate included with horizontal coordinates</altenc></altsys></vertdef></spref><eainfo><detailed Name="ALCO_PUB.DBO.COUNTY_CO_STREETS_Display"><enttyp><enttypl>
streets</enttypl><enttypt Sync="TRUE">Feature Class</enttypt><enttypc Sync="TRUE">90699</enttypc></enttyp><attr><attrlabl Sync="TRUE">OBJECTID</attrlabl><attalias Sync="TRUE">ObjectID</attalias><attrtype Sync="TRUE">OID</attrtype><attwidth Sync="TRUE">4</attwidth><atprecis Sync="TRUE">10</atprecis><attscale Sync="TRUE">0</attscale><attrdef Sync="TRUE">Internal feature number.</attrdef><attrdefs Sync="TRUE">ESRI</attrdefs><attrdomv><udom Sync="TRUE">Sequential unique whole numbers that are automatically generated.</udom></attrdomv></attr><attr><attrlabl>ST_PREFIX</attrlabl><attrdef>Street Prefix</attrdef><attalias Sync="TRUE">ST_PREFIX</attalias><attrtype Sync="TRUE">String</attrtype><attwidth Sync="TRUE">2</attwidth><atprecis Sync="TRUE">0</atprecis><attscale Sync="TRUE">0</attscale></attr><attr><attrlabl>ST_NAME</attrlabl><attrdef>Street name</attrdef><attalias Sync="TRUE">ST_NAME</attalias><attrtype Sync="TRUE">String</attrtype><attwidth Sync="TRUE">30</attwidth><atprecis Sync="TRUE">0</atprecis><attscale Sync="TRUE">0</attscale></attr><attr><attrlabl>ST_TYPE</attrlabl><attrdef>Street Type</attrdef><attalias Sync="TRUE">ST_TYPE</attalias><attrtype Sync="TRUE">String</attrtype><attwidth Sync="TRUE">4</attwidth><atprecis Sync="TRUE">0</atprecis><attscale Sync="TRUE">0</attscale></attr><attr><attrlabl>ST_SUFFIX</attrlabl><attrdef>Street Suffix</attrdef><attalias Sync="TRUE">ST_SUFFIX</attalias><attrtype Sync="TRUE">String</attrtype><attwidth Sync="TRUE">2</attwidth><atprecis Sync="TRUE">0</atprecis><attscale Sync="TRUE">0</attscale></attr><attr><attrlabl>LLO</attrlabl><attrdef>Left Low Address</attrdef><attalias Sync="TRUE">LLO</attalias><attrtype Sync="TRUE">Double</attrtype><attwidth Sync="TRUE">8</attwidth><atprecis Sync="TRUE">38</atprecis><attscale Sync="TRUE">8</attscale></attr><attr><attrlabl>LHI</attrlabl><attrdef>Left High Address</attrdef><attalias Sync="TRUE">LHI</attalias><attrtype Sync="TRUE">Double</attrtype><attwidth Sync="TRUE">8</attwidth><atprecis Sync="TRUE">38</atprecis><attscale Sync="TRUE">8</attscale></attr><attr><attrlabl>RLO</attrlabl><attrdef>Right Low Address</attrdef><attalias Sync="TRUE">RLO</attalias><attrtype Sync="TRUE">Double</attrtype><attwidth Sync="TRUE">8</attwidth><atprecis Sync="TRUE">38</atprecis><attscale Sync="TRUE">8</attscale></attr><attr><attrlabl>RHI</attrlabl><attrdef>Right High Address</attrdef><attalias Sync="TRUE">RHI</attalias><attrtype Sync="TRUE">Double</attrtype><attwidth Sync="TRUE">8</attwidth><atprecis Sync="TRUE">38</atprecis><attscale Sync="TRUE">8</attscale></attr><attr><attrlabl>L_ZIP</attrlabl><attrdef>Left Zip Code</attrdef><attalias Sync="TRUE">L_ZIP</attalias><attrtype Sync="TRUE">String</attrtype><attwidth Sync="TRUE">10</attwidth><atprecis Sync="TRUE">0</atprecis><attscale Sync="TRUE">0</attscale></attr><attr><attrlabl>R_ZIP</attrlabl><attrdef>Right Zip Code</attrdef><attalias Sync="TRUE">R_ZIP</attalias><attrtype Sync="TRUE">String</attrtype><attwidth Sync="TRUE">10</attwidth><atprecis Sync="TRUE">0</atprecis><attscale Sync="TRUE">0</attscale></attr><attr><attrlabl>LMUNI</attrlabl><attrdef>Left Municipality</attrdef><attalias Sync="TRUE">LMUNI</attalias><attrtype Sync="TRUE">String</attrtype><attwidth Sync="TRUE">30</attwidth><atprecis Sync="TRUE">0</atprecis><attscale Sync="TRUE">0</attscale></attr><attr><attrlabl>RMUNI</attrlabl><attrdef>Right Municipality</attrdef><attalias Sync="TRUE">RMUNI</attalias><attrtype Sync="TRUE">String</attrtype><attwidth Sync="TRUE">30</attwidth><atprecis Sync="TRUE">0</atprecis><attscale Sync="TRUE">0</attscale></attr><attr><attrlabl>F_NODE</attrlabl><attrdef>From node</attrdef><attalias Sync="TRUE">F_NODE</attalias><attrtype Sync="TRUE">Double</attrtype><attwidth Sync="TRUE">8</attwidth><atprecis Sync="TRUE">38</atprecis><attscale Sync="TRUE">8</attscale></attr><attr><attrlabl>T_NODE</attrlabl><attrdef>To node</attrdef><attalias Sync="TRUE">T_NODE</attalias><attrtype Sync="TRUE">Double</attrtype><attwidth Sync="TRUE">8</attwidth><atprecis Sync="TRUE">38</atprecis><attscale Sync="TRUE">8</attscale></attr><attr><attrlabl>FCC</attrlabl><attrdef>Feature Class Codes</attrdef><attrdomv><edom><edomvds>http://www.proximityone.com/tgrcfcc.htm</edomvds></edom></attrdomv><attalias Sync="TRUE">FCC</attalias><attrtype Sync="TRUE">String</attrtype><attwidth Sync="TRUE">5</attwidth><atprecis Sync="TRUE">0</atprecis><attscale Sync="TRUE">0</attscale></attr><attr><attrlabl>SPEED</attrlabl><attrdef>Speed Limit</attrdef><attalias Sync="TRUE">SPEED</attalias><attrtype Sync="TRUE">SmallInteger</attrtype><attwidth Sync="TRUE">2</attwidth><atprecis Sync="TRUE">5</atprecis><attscale Sync="TRUE">0</attscale></attr><attr><attrlabl>F_ZLEV</attrlabl><attrdef>Relative height (z-level) of start node</attrdef><attalias Sync="TRUE">F_ZLEV</attalias><attrtype Sync="TRUE">Integer</attrtype><attwidth Sync="TRUE">4</attwidth><atprecis Sync="TRUE">10</atprecis><attscale Sync="TRUE">0</attscale></attr><attr><attrlabl>T_ZLEV</attrlabl><attrdef>Relative height (z-level) of end node</attrdef><attalias Sync="TRUE">T_ZLEV</attalias><attrtype Sync="TRUE">Integer</attrtype><attwidth Sync="TRUE">4</attwidth><atprecis Sync="TRUE">10</atprecis><attscale Sync="TRUE">0</attscale></attr><attr><attrlabl>ONEWAY</attrlabl><attrdef>One-Way flags</attrdef><attalias Sync="TRUE">ONEWAY</attalias><attrtype Sync="TRUE">String</attrtype><attwidth Sync="TRUE">5</attwidth><atprecis Sync="TRUE">0</atprecis><attscale Sync="TRUE">0</attscale></attr><attr><attrlabl>SHAPE</attrlabl><attrdef>Feature geometry.</attrdef><attrdefs>ESRI</attrdefs><attrdomv><udom>Coordinates defining the features.</udom></attrdomv><attalias Sync="TRUE">SHAPE</attalias><attrtype Sync="TRUE">Geometry</attrtype><attwidth Sync="TRUE">4</attwidth><atprecis Sync="TRUE">0</atprecis><attscale Sync="TRUE">0</attscale></attr><attr><attrlabl>LAR</attrlabl><attrdef>Limited Access Roadway</attrdef><attalias Sync="TRUE">LAR</attalias><attrtype Sync="TRUE">String</attrtype><attwidth Sync="TRUE">1</attwidth><atprecis Sync="TRUE">0</atprecis><attscale Sync="TRUE">0</attscale></attr><attr><attrlabl>LARDIR</attrlabl><attrdef>Limited Access Roadway Direction</attrdef><attalias Sync="TRUE">LARDIR</attalias><attrtype Sync="TRUE">String</attrtype><attwidth Sync="TRUE">2</attwidth><atprecis Sync="TRUE">0</atprecis><attscale Sync="TRUE">0</attscale></attr><attr><attrlabl>A1</attrlabl><attrdef>Alias 1</attrdef><attalias Sync="TRUE">A1</attalias><attrtype Sync="TRUE">String</attrtype><attwidth Sync="TRUE">75</attwidth><atprecis Sync="TRUE">0</atprecis><attscale Sync="TRUE">0</attscale></attr><attr><attrlabl>A2</attrlabl><attrdef>Alias 2</attrdef><attalias Sync="TRUE">A2</attalias><attrtype Sync="TRUE">String</attrtype><attwidth Sync="TRUE">75</attwidth><atprecis Sync="TRUE">0</atprecis><attscale Sync="TRUE">0</attscale></attr><attr><attrlabl>DYNAMAPID</attrlabl><attrdef>TeleAtlas Assigned Unique Segment Identification Number</attrdef><attalias Sync="TRUE">DYNAMAPID</attalias><attrtype Sync="TRUE">String</attrtype><attwidth Sync="TRUE">25</attwidth><atprecis Sync="TRUE">0</atprecis><attscale Sync="TRUE">0</attscale></attr><attr><attrlabl>FULL_NAME</attrlabl><attrdef>All Components of Road Name</attrdef><attalias Sync="TRUE">FULL_NAME</attalias><attrtype Sync="TRUE">String</attrtype><attwidth Sync="TRUE">128</attwidth><atprecis Sync="TRUE">0</atprecis><attscale Sync="TRUE">0</attscale></attr><attr><attrlabl>ModifiedBy</attrlabl><attalias Sync="TRUE">ModifiedBy</attalias><attrtype Sync="TRUE">String</attrtype><attwidth Sync="TRUE">10</attwidth><atprecis Sync="TRUE">0</atprecis><attscale Sync="TRUE">0</attscale></attr><attr><attrlabl>ModifiedOn</attrlabl><attalias Sync="TRUE">ModifiedOn</attalias><attrtype Sync="TRUE">String</attrtype><attwidth Sync="TRUE">30</attwidth><atprecis Sync="TRUE">0</atprecis><attscale Sync="TRUE">0</attscale></attr><attr><attrlabl>CreatedBy</attrlabl><attalias Sync="TRUE">CreatedBy</attalias><attrtype Sync="TRUE">String</attrtype><attwidth Sync="TRUE">10</attwidth><atprecis Sync="TRUE">0</atprecis><attscale Sync="TRUE">0</attscale></attr><attr><attrlabl Sync="TRUE">GlobalID</attrlabl><attalias Sync="TRUE">GlobalID</attalias><attrtype Sync="TRUE">GlobalID</attrtype><attwidth Sync="TRUE">38</attwidth><atprecis Sync="TRUE">0</atprecis><attscale Sync="TRUE">0</attscale></attr><attr><attrlabl>CreatedOn</attrlabl><attalias Sync="TRUE">CreatedOn</attalias><attrtype Sync="TRUE">String</attrtype><attwidth Sync="TRUE">30</attwidth><atprecis Sync="TRUE">0</atprecis><attscale Sync="TRUE">0</attscale></attr><attr><attrlabl>CAD_A1</attrlabl><attalias Sync="TRUE">CAD_A1</attalias><attrtype Sync="TRUE">String</attrtype><attwidth Sync="TRUE">75</attwidth><atprecis Sync="TRUE">0</atprecis><attscale Sync="TRUE">0</attscale></attr><attr><attrlabl>CAD_A2</attrlabl><attalias Sync="TRUE">CAD_A2</attalias><attrtype Sync="TRUE">String</attrtype><attwidth Sync="TRUE">75</attwidth><atprecis Sync="TRUE">0</atprecis><attscale Sync="TRUE">0</attscale></attr><attr><attrlabl>CAD_LLO</attrlabl><attalias Sync="TRUE">CAD_LLO</attalias><attrtype Sync="TRUE">Double</attrtype><attwidth Sync="TRUE">8</attwidth><atprecis Sync="TRUE">38</atprecis><attscale Sync="TRUE">8</attscale></attr><attr><attrlabl>CAD_LHI</attrlabl><attalias Sync="TRUE">CAD_LHI</attalias><attrtype Sync="TRUE">Double</attrtype><attwidth Sync="TRUE">8</attwidth><atprecis Sync="TRUE">38</atprecis><attscale Sync="TRUE">8</attscale></attr><attr><attrlabl>CAD_RLO</attrlabl><attalias Sync="TRUE">CAD_RLO</attalias><attrtype Sync="TRUE">Double</attrtype><attwidth Sync="TRUE">8</attwidth><atprecis Sync="TRUE">38</atprecis><attscale Sync="TRUE">8</attscale></attr><attr><attrlabl>CAD_RHI</attrlabl><attalias Sync="TRUE">CAD_RHI</attalias><attrtype Sync="TRUE">Double</attrtype><attwidth Sync="TRUE">8</attwidth><atprecis Sync="TRUE">38</atprecis><attscale Sync="TRUE">8</attscale></attr><attr><attrlabl>P_OVR_L</attrlabl><attalias Sync="TRUE">P_OVR_L</attalias><attrtype Sync="TRUE">String</attrtype><attwidth Sync="TRUE">8</attwidth><atprecis Sync="TRUE">0</atprecis><attscale Sync="TRUE">0</attscale></attr><attr><attrlabl>P_OVR_R</attrlabl><attalias Sync="TRUE">P_OVR_R</attalias><attrtype Sync="TRUE">String</attrtype><attwidth Sync="TRUE">8</attwidth><atprecis Sync="TRUE">0</atprecis><attscale Sync="TRUE">0</attscale></attr><attr><attrlabl>F_OVR_L</attrlabl><attalias Sync="TRUE">F_OVR_L</attalias><attrtype Sync="TRUE">String</attrtype><attwidth Sync="TRUE">8</attwidth><atprecis Sync="TRUE">0</atprecis><attscale Sync="TRUE">0</attscale></attr><attr><attrlabl>F_OVR_R</attrlabl><attalias Sync="TRUE">F_OVR_R</attalias><attrtype Sync="TRUE">String</attrtype><attwidth Sync="TRUE">8</attwidth><atprecis Sync="TRUE">0</atprecis><attscale Sync="TRUE">0</attscale></attr><attr><attrlabl>E_OVR_L</attrlabl><attalias Sync="TRUE">E_OVR_L</attalias><attrtype Sync="TRUE">String</attrtype><attwidth Sync="TRUE">8</attwidth><atprecis Sync="TRUE">0</atprecis><attscale Sync="TRUE">0</attscale></attr><attr><attrlabl>E_OVR_R</attrlabl><attalias Sync="TRUE">E_OVR_R</attalias><attrtype Sync="TRUE">String</attrtype><attwidth Sync="TRUE">8</attwidth><atprecis Sync="TRUE">0</atprecis><attscale Sync="TRUE">0</attscale></attr><attr><attrlabl>CAD</attrlabl><attalias Sync="TRUE">CAD</attalias><attrtype Sync="TRUE">String</attrtype><attwidth Sync="TRUE">1</attwidth><atprecis Sync="TRUE">0</atprecis><attscale Sync="TRUE">0</attscale></attr><attr><attrlabl Sync="TRUE">SHAPE.len</attrlabl><attalias Sync="TRUE">SHAPE.len</attalias><attrtype Sync="TRUE">Double</attrtype><attwidth Sync="TRUE">0</attwidth><atprecis Sync="TRUE">0</atprecis><attscale Sync="TRUE">0</attscale></attr></detailed></eainfo><distinfo><resdesc>Call for Details</resdesc><stdorder><digform><digtinfo><transize>0.150</transize></digtinfo></digform></stdorder></distinfo><metainfo><metd>20130301</metd><metc><cntinfo><cntorgp><cntorg>Allegheny County Division of Computer Services Geographic Information Systems Group</cntorg></cntorgp><cntaddr></cntaddr><cntvoice>(412) 350-4774</cntvoice><cntfax>(412) 350-4754</cntfax><cntemail>GIShelp@alleghenycounty.us</cntemail></cntinfo></metc><metstdn>FGDC Content Standards for Digital Geospatial Metadata</metstdn><metstdv>FGDC-STD-001-1998</metstdv><mettc>local time</mettc><metextns></metextns><metextns></metextns><metextns><onlink>http://www.esri.com/metadata/esriprof80.html</onlink><metprof>ESRI Metadata Profile</metprof></metextns><langmeta Sync="TRUE">en</langmeta><metextns><onlink Sync="TRUE">http://www.esri.com/metadata/esriprof80.html</onlink><metprof Sync="TRUE">ESRI Metadata Profile</metprof></metextns></metainfo><dataIdInfo><envirDesc Sync="TRUE">Microsoft Windows Vista Version 6.1 (Build 7601) Service Pack 1; ESRI ArcCatalog 9.3.1.4000</envirDesc><dataLang><languageCode Sync="TRUE" value="en"></languageCode></dataLang><idCitation><resTitle Sync="TRUE">ALCO_PUB.DBO.COUNTY_CO_STREETS_Display</resTitle><presForm><PresFormCd Sync="TRUE" value="005"></PresFormCd></presForm></idCitation><spatRpType><SpatRepTypCd Sync="TRUE" value="001"></SpatRepTypCd></spatRpType><dataExt><geoEle><GeoBndBox esriExtentType="native"><westBL Sync="TRUE">1241725.750175</westBL><eastBL Sync="TRUE">1431186.270007</eastBL><northBL Sync="TRUE">498621.500149</northBL><southBL Sync="TRUE">320518.794068</southBL><exTypeCode Sync="TRUE">1</exTypeCode></GeoBndBox></geoEle></dataExt><geoBox esriExtentType="decdegrees"><westBL Sync="TRUE">-80.370465</westBL><eastBL Sync="TRUE">-79.673615</eastBL><northBL Sync="TRUE">40.685897</northBL><southBL Sync="TRUE">40.1838</southBL><exTypeCode Sync="TRUE">1</exTypeCode></geoBox></dataIdInfo><mdLang><languageCode Sync="TRUE" value="en"></languageCode></mdLang><mdStanName Sync="TRUE">ISO 19115 Geographic Information - Metadata</mdStanName><mdStanVer Sync="TRUE">DIS_ESRI1.0</mdStanVer><mdChar><CharSetCd Sync="TRUE" value="004"></CharSetCd></mdChar><mdHrLv><ScopeCd Sync="TRUE" value="005"></ScopeCd></mdHrLv><mdHrLvName Sync="TRUE">dataset</mdHrLvName><distInfo><distributor><distorTran><onLineSrc><orDesc Sync="TRUE">002</orDesc><linkage Sync="TRUE">Server=sqlinst1; Service=sde:sqlserver:sqlinst1\sqlinst1; Database=ALCO_PUB; User=GIS_Admin; Version=dbo.DEFAULT</linkage><protocol Sync="TRUE">ArcSDE Connection</protocol></onLineSrc></distorTran><distorFormat><formatName Sync="TRUE">SDE Feature Class</formatName></distorFormat></distributor></distInfo><refSysInfo><RefSystem><refSysID><identCode Sync="TRUE">NAD_1983_StatePlane_Pennsylvania_South_FIPS_3702_Feet</identCode></refSysID></RefSystem></refSysInfo><spatRepInfo><VectSpatRep><topLvl><TopoLevCd Sync="TRUE" value="001"></TopoLevCd></topLvl><geometObjs Name="ALCO_PUB.DBO.COUNTY_CO_STREETS_Display"><geoObjTyp><GeoObjTypCd Sync="TRUE" value="001"></GeoObjTypCd></geoObjTyp><geoObjCnt Sync="TRUE">90699</geoObjCnt></geometObjs></VectSpatRep></spatRepInfo><Esri><SyncDate>20130301</SyncDate><SyncTime>11094200</SyncTime><ModDate>20130301</ModDate><ModTime>11094200</ModTime><CreaDate>20150317</CreaDate><CreaTime>12211700</CreaTime><ArcGISFormat>1.0</ArcGISFormat><ArcGISstyle>ISO 19139 Metadata Implementation Specification</ArcGISstyle><SyncOnce>TRUE</SyncOnce><DataProperties><itemProps><itemLocation><linkage Sync="TRUE">file://\\DCSCOB0315AD004\C$\Temp\MonthlyUpdate\3-2-2015.gdb</linkage><protocol Sync="TRUE">Local Area Network</protocol></itemLocation></itemProps></DataProperties></Esri><mdDateSt Sync="TRUE">20130301</mdDateSt></metadata>
