GEO.id,GEO.id2,GEO.display-label,HD01_VD02,HD02_VD02,HD01_VD03,HD02_VD03,HD01_VD04,HD02_VD04,HD01_VD05,HD02_VD05,HD01_VD06,HD02_VD06,HD01_VD07,HD02_VD07,HD01_VD08,HD02_VD08
Id,Id2,Geography,Estimate; Median earnings in the past 12 months -- - Total:,Margin of Error; Median earnings in the past 12 months -- - Total:,"Estimate; Median earnings in the past 12 months -- - Total: - Car, truck, or van - drove alone","Margin of Error; Median earnings in the past 12 months -- - Total: - Car, truck, or van - drove alone","Estimate; Median earnings in the past 12 months -- - Total: - Car, truck, or van - carpooled","Margin of Error; Median earnings in the past 12 months -- - Total: - Car, truck, or van - carpooled",Estimate; Median earnings in the past 12 months -- - Total: - Public transportation (excluding taxicab),Margin of Error; Median earnings in the past 12 months -- - Total: - Public transportation (excluding taxicab),Estimate; Median earnings in the past 12 months -- - Total: - Walked,Margin of Error; Median earnings in the past 12 months -- - Total: - Walked,"Estimate; Median earnings in the past 12 months -- - Total: - Taxicab, motorcycle, bicycle, or other means","Margin of Error; Median earnings in the past 12 months -- - Total: - Taxicab, motorcycle, bicycle, or other means",Estimate; Median earnings in the past 12 months -- - Total: - Worked at home,Margin of Error; Median earnings in the past 12 months -- - Total: - Worked at home
1400000US42003010300,42003010300,"Census Tract 103, Allegheny County, Pennsylvania",4663,1044,4162,1582,5104,2088,20583,10443,4237,1239,-,**,6000,13284
1400000US42003020100,42003020100,"Census Tract 201, Allegheny County, Pennsylvania",50088,4723,49375,3498,50673,69139,55550,85529,51831,19946,13203,17629,63214,55309
1400000US42003020300,42003020300,"Census Tract 203, Allegheny County, Pennsylvania",56111,12876,65804,30318,39762,53306,-,**,54643,22600,-,**,57361,42676
1400000US42003030500,42003030500,"Census Tract 305, Allegheny County, Pennsylvania",22340,10353,31133,12194,-,**,14766,6983,45380,17174,-,**,-,**
1400000US42003040200,42003040200,"Census Tract 402, Allegheny County, Pennsylvania",18235,9133,23750,29340,4917,30038,24821,8075,15484,16019,-,**,5000,27089
1400000US42003040400,42003040400,"Census Tract 404, Allegheny County, Pennsylvania",12195,11793,13438,93603,6250,11729,38281,54186,6944,13181,-,**,26094,37003
1400000US42003040500,42003040500,"Census Tract 405, Allegheny County, Pennsylvania",8157,1396,10938,2778,17344,9140,7181,2281,6731,2692,"2,500-",***,16944,28552
1400000US42003040600,42003040600,"Census Tract 406, Allegheny County, Pennsylvania",10253,4041,8875,6824,26761,8417,6810,2862,10532,4200,-,**,-,**
1400000US42003040900,42003040900,"Census Tract 409, Allegheny County, Pennsylvania",18387,9753,16620,18882,9375,12194,10238,16838,25029,7085,4583,5031,-,**
1400000US42003050100,42003050100,"Census Tract 501, Allegheny County, Pennsylvania",27500,9565,41944,5199,31964,19167,14453,5579,20208,10172,-,**,-,**
1400000US42003050600,42003050600,"Census Tract 506, Allegheny County, Pennsylvania",26335,6796,34286,15918,25956,17112,22722,8893,70208,112774,-,**,-,**
1400000US42003050900,42003050900,"Census Tract 509, Allegheny County, Pennsylvania",17656,13457,20000,17909,-,**,26382,12170,-,**,-,**,-,**
1400000US42003051000,42003051000,"Census Tract 510, Allegheny County, Pennsylvania",8317,6276,11979,10540,4107,34424,15365,13754,6950,15240,-,**,7768,4987
1400000US42003051100,42003051100,"Census Tract 511, Allegheny County, Pennsylvania",17935,23058,-,**,-,**,20224,1610,-,**,-,**,-,**
1400000US42003060300,42003060300,"Census Tract 603, Allegheny County, Pennsylvania",27755,4537,35560,6838,24844,30803,21711,4593,22273,7195,41761,16144,40089,28299
1400000US42003060500,42003060500,"Census Tract 605, Allegheny County, Pennsylvania",34722,8917,41563,8661,18281,4982,21250,11577,17951,6972,-,**,41172,14060
1400000US42003070300,42003070300,"Census Tract 703, Allegheny County, Pennsylvania",40995,5088,45651,6478,37361,71369,40250,22920,27105,6864,35000,71169,26516,19087
1400000US42003070500,42003070500,"Census Tract 705, Allegheny County, Pennsylvania",45093,5132,51190,3169,40125,31543,29099,3766,25888,2184,39205,26742,66625,20178
1400000US42003070600,42003070600,"Census Tract 706, Allegheny County, Pennsylvania",37639,8963,45869,3821,52125,25746,27813,4140,23636,15673,16250,95633,-,**
1400000US42003070800,42003070800,"Census Tract 708, Allegheny County, Pennsylvania",46827,11934,48808,9805,51083,47494,36250,10989,26359,41965,-,**,-,**
1400000US42003070900,42003070900,"Census Tract 709, Allegheny County, Pennsylvania",38607,9323,65854,21189,60089,16755,25719,5020,29615,17506,68075,44697,"2,500-",***
1400000US42003080200,42003080200,"Census Tract 802, Allegheny County, Pennsylvania",31699,4801,39706,3137,39489,18753,26027,5964,17417,8284,27206,1878,-,**
1400000US42003080400,42003080400,"Census Tract 804, Allegheny County, Pennsylvania",25725,3719,33672,8890,33309,1934,16791,18138,21000,8335,16250,13958,4453,8415
1400000US42003080600,42003080600,"Census Tract 806, Allegheny County, Pennsylvania",31747,3572,26054,4838,56250,28449,33583,5946,35962,13858,30588,19369,48911,26919
1400000US42003080700,42003080700,"Census Tract 807, Allegheny County, Pennsylvania",29208,4975,26795,7074,23750,19013,32596,11850,30036,18411,29934,2872,-,**
1400000US42003080900,42003080900,"Census Tract 809, Allegheny County, Pennsylvania",32500,6465,39318,3826,30956,11893,31164,9027,21458,9641,20625,35110,25893,7896
1400000US42003090100,42003090100,"Census Tract 901, Allegheny County, Pennsylvania",35191,3433,35455,6624,40227,7740,20938,4564,48750,15231,29375,26630,51154,12264
1400000US42003090200,42003090200,"Census Tract 902, Allegheny County, Pennsylvania",35667,5425,36522,6192,46528,11168,35074,21441,28651,15178,25833,23355,68958,53443
1400000US42003090300,42003090300,"Census Tract 903, Allegheny County, Pennsylvania",31452,5066,33258,1167,27292,27187,27500,11197,28636,20074,29821,17681,-,**
1400000US42003100500,42003100500,"Census Tract 1005, Allegheny County, Pennsylvania",28600,5691,32135,5016,12552,9686,25313,5292,-,**,41458,28617,29464,56780
1400000US42003101100,42003101100,"Census Tract 1011, Allegheny County, Pennsylvania",25708,1659,26371,1768,17273,1494,26387,5486,10288,14761,37019,27324,17813,22137
1400000US42003101400,42003101400,"Census Tract 1014, Allegheny County, Pennsylvania",35472,4891,43354,4512,23214,18955,19981,7395,-,**,-,**,35893,30716
1400000US42003101600,42003101600,"Census Tract 1016, Allegheny County, Pennsylvania",33750,12824,41500,11306,-,**,30750,30069,25000,22760,-,**,-,**
1400000US42003101700,42003101700,"Census Tract 1017, Allegheny County, Pennsylvania",28074,3567,30893,13034,4205,11503,24044,8184,14625,27299,-,**,-,**
1400000US42003101800,42003101800,"Census Tract 1018, Allegheny County, Pennsylvania",34511,3457,38433,4487,12452,17731,31964,6072,4625,66664,34395,17600,-,**
1400000US42003110200,42003110200,"Census Tract 1102, Allegheny County, Pennsylvania",29467,4356,35962,23651,27768,34733,25684,3998,13750,9611,20938,11634,19792,25250
1400000US42003110600,42003110600,"Census Tract 1106, Allegheny County, Pennsylvania",41647,4609,42578,11863,37500,18464,43333,31970,33250,51100,11667,19231,58500,27957
1400000US42003111300,42003111300,"Census Tract 1113, Allegheny County, Pennsylvania",26520,3538,36957,10570,15096,19096,25962,1491,58125,62944,45694,3103,17426,11405
1400000US42003111400,42003111400,"Census Tract 1114, Allegheny County, Pennsylvania",26250,5066,31985,9106,18438,6830,24821,2740,4583,17804,-,**,-,**
1400000US42003111500,42003111500,"Census Tract 1115, Allegheny County, Pennsylvania",25154,3732,27537,8402,14773,7439,26552,5453,18750,16596,218218,161725,-,**
1400000US42003120300,42003120300,"Census Tract 1203, Allegheny County, Pennsylvania",26765,4312,26023,6263,40559,14260,26595,20453,-,**,-,**,-,**
1400000US42003120400,42003120400,"Census Tract 1204, Allegheny County, Pennsylvania",21047,1869,17321,32477,16563,30170,21282,976,-,**,-,**,-,**
1400000US42003120700,42003120700,"Census Tract 1207, Allegheny County, Pennsylvania",21794,2789,21895,1365,6944,3969,25845,8040,13523,7126,-,**,-,**
1400000US42003120800,42003120800,"Census Tract 1208, Allegheny County, Pennsylvania",28319,7013,29095,6793,17083,32920,22917,6820,-,**,-,**,-,**
1400000US42003130100,42003130100,"Census Tract 1301, Allegheny County, Pennsylvania",18352,10625,19886,13204,43894,22268,11250,14343,-,**,-,**,-,**
1400000US42003130200,42003130200,"Census Tract 1302, Allegheny County, Pennsylvania",27708,12404,43173,24326,-,**,22697,8265,10870,58988,-,**,-,**
1400000US42003130300,42003130300,"Census Tract 1303, Allegheny County, Pennsylvania",31429,8567,25625,24545,-,**,40066,14826,-,**,-,**,6250,9207
1400000US42003130400,42003130400,"Census Tract 1304, Allegheny County, Pennsylvania",22614,11440,27976,16383,-,**,24750,10633,"2,500-",***,-,**,-,**
1400000US42003130600,42003130600,"Census Tract 1306, Allegheny County, Pennsylvania",19286,4423,20833,5920,9091,7789,22727,15325,-,**,9107,3389,-,**
1400000US42003140100,42003140100,"Census Tract 1401, Allegheny County, Pennsylvania",11168,3543,61500,29859,27262,41821,11500,28204,5566,3669,57159,59572,6650,1193
1400000US42003140200,42003140200,"Census Tract 1402, Allegheny County, Pennsylvania",38523,11194,66354,23299,70750,58070,26619,5525,6302,16686,28846,57945,22273,48270
1400000US42003140300,42003140300,"Census Tract 1403, Allegheny County, Pennsylvania",52259,7908,54408,11043,47656,22513,27813,28831,64643,64735,96607,17556,30781,62129
1400000US42003140400,42003140400,"Census Tract 1404, Allegheny County, Pennsylvania",70607,10585,79375,11323,57000,75181,82000,38930,79250,61357,39097,38606,41667,24967
1400000US42003140500,42003140500,"Census Tract 1405, Allegheny County, Pennsylvania",39205,8751,42300,7106,22179,16293,32375,19402,26029,33347,-,**,19107,58217
1400000US42003140600,42003140600,"Census Tract 1406, Allegheny County, Pennsylvania",41451,6983,48895,7241,48600,7983,25143,7374,20463,22799,24345,68464,65000,61996
1400000US42003140800,42003140800,"Census Tract 1408, Allegheny County, Pennsylvania",41058,6620,47448,7026,54135,24768,25641,1824,35227,5791,48229,58235,56250,20215
1400000US42003141000,42003141000,"Census Tract 1410, Allegheny County, Pennsylvania",61563,12952,60625,17151,63500,183115,65500,54634,-,**,90893,87955,64250,69365
1400000US42003141100,42003141100,"Census Tract 1411, Allegheny County, Pennsylvania",39297,8130,40385,9414,43000,87038,36250,15912,3571,2281,-,**,-,**
1400000US42003141300,42003141300,"Census Tract 1413, Allegheny County, Pennsylvania",37396,7705,40417,10260,54934,15246,23897,9512,40577,32827,39531,9650,12143,28210
1400000US42003141400,42003141400,"Census Tract 1414, Allegheny County, Pennsylvania",50500,10920,58107,9718,28398,4471,32760,5010,29643,74151,-,**,-,**
1400000US42003151600,42003151600,"Census Tract 1516, Allegheny County, Pennsylvania",36114,5176,36360,6316,36591,20391,26971,7804,64479,59021,-,**,42625,29631
1400000US42003151700,42003151700,"Census Tract 1517, Allegheny County, Pennsylvania",41057,3152,44919,9176,39157,16953,35658,10185,36538,10516,-,**,28628,7722
1400000US42003160800,42003160800,"Census Tract 1608, Allegheny County, Pennsylvania",26403,5193,31313,4992,43646,36441,12566,13666,16553,3963,-,**,-,**
1400000US42003160900,42003160900,"Census Tract 1609, Allegheny County, Pennsylvania",42381,6052,42214,6543,40139,42462,23125,6762,43365,11211,64506,36979,12375,70425
1400000US42003170200,42003170200,"Census Tract 1702, Allegheny County, Pennsylvania",32402,6859,33883,10568,6058,38354,43795,15905,23563,22662,19922,70743,109773,30018
1400000US42003170600,42003170600,"Census Tract 1706, Allegheny County, Pennsylvania",26250,4445,26973,5080,14732,41585,18661,18828,24050,2054,-,**,-,**
1400000US42003180300,42003180300,"Census Tract 1803, Allegheny County, Pennsylvania",31868,3158,36168,3597,-,**,21983,10896,-,**,-,**,41442,19067
1400000US42003180700,42003180700,"Census Tract 1807, Allegheny County, Pennsylvania",29109,3000,30906,4748,37813,26424,27257,2077,-,**,28266,12970,56250,724
1400000US42003190300,42003190300,"Census Tract 1903, Allegheny County, Pennsylvania",43125,9172,53529,12826,36563,28840,30598,9653,9688,63003,34231,12474,65602,53829
1400000US42003191100,42003191100,"Census Tract 1911, Allegheny County, Pennsylvania",37401,6955,37301,7010,62813,26886,17273,24833,22143,72889,-,**,32000,24583
1400000US42003191400,42003191400,"Census Tract 1914, Allegheny County, Pennsylvania",40132,6337,41367,12637,43719,8375,41111,24905,17292,32865,27500,42821,11964,106002
1400000US42003191500,42003191500,"Census Tract 1915, Allegheny County, Pennsylvania",29615,8436,35268,6422,26354,6573,21804,19552,-,**,-,**,-,**
1400000US42003191600,42003191600,"Census Tract 1916, Allegheny County, Pennsylvania",30427,2780,31017,3594,31107,5922,21136,6511,-,**,43362,29341,31226,13513
1400000US42003191700,42003191700,"Census Tract 1917, Allegheny County, Pennsylvania",30629,3738,32679,10765,28482,17491,25208,15023,22188,15286,-,**,28333,4556
1400000US42003191800,42003191800,"Census Tract 1918, Allegheny County, Pennsylvania",36057,3643,34730,4287,37222,27068,30313,52555,7375,28106,-,**,67949,47697
1400000US42003191900,42003191900,"Census Tract 1919, Allegheny County, Pennsylvania",29768,6341,30639,8118,21020,4435,31250,40197,-,**,-,**,83558,78216
1400000US42003192000,42003192000,"Census Tract 1920, Allegheny County, Pennsylvania",31758,6852,35708,7580,22000,7755,35854,6471,"2,500-",***,-,**,9594,44662
1400000US42003202200,42003202200,"Census Tract 2022, Allegheny County, Pennsylvania",29107,6711,33348,9904,25781,23245,16250,40868,8462,5699,-,**,-,**
1400000US42003202300,42003202300,"Census Tract 2023, Allegheny County, Pennsylvania",41240,7403,42750,9369,36958,7214,54044,19924,11000,40099,31250,31577,48750,113993
1400000US42003210700,42003210700,"Census Tract 2107, Allegheny County, Pennsylvania",32853,5376,39135,12677,32692,3740,16131,14571,12333,36123,52917,74318,58250,42472
1400000US42003220600,42003220600,"Census Tract 2206, Allegheny County, Pennsylvania",42277,4304,44792,8084,67841,65089,13125,10430,52625,8240,4737,104868,21875,55560
1400000US42003240600,42003240600,"Census Tract 2406, Allegheny County, Pennsylvania",27398,8882,38571,12640,37292,24377,21042,7552,13793,5300,-,**,65208,40089
1400000US42003241200,42003241200,"Census Tract 2412, Allegheny County, Pennsylvania",30363,8640,34643,10615,9107,9116,39688,13658,15978,1397,-,**,-,**
1400000US42003250300,42003250300,"Census Tract 2503, Allegheny County, Pennsylvania",33667,9396,52650,17716,68750,69931,30821,14292,17206,5011,-,**,68750,67178
1400000US42003250700,42003250700,"Census Tract 2507, Allegheny County, Pennsylvania",21680,6504,26250,11956,-,**,26111,38491,13548,10165,-,**,-,**
1400000US42003250900,42003250900,"Census Tract 2509, Allegheny County, Pennsylvania",32803,8402,37313,7304,38750,15410,12147,18056,"2,500-",***,-,**,-,**
1400000US42003260200,42003260200,"Census Tract 2602, Allegheny County, Pennsylvania",32482,3549,40219,6187,11667,21229,12303,9601,-,**,-,**,30500,32167
1400000US42003260700,42003260700,"Census Tract 2607, Allegheny County, Pennsylvania",32733,4269,36842,7105,35000,23974,24130,10828,-,**,16472,999,24861,16977
1400000US42003260900,42003260900,"Census Tract 2609, Allegheny County, Pennsylvania",10978,3555,11902,2550,-,**,7596,9106,-,**,-,**,-,**
1400000US42003261200,42003261200,"Census Tract 2612, Allegheny County, Pennsylvania",39309,2581,39302,2776,42788,28886,48182,27654,-,**,-,**,-,**
1400000US42003261400,42003261400,"Census Tract 2614, Allegheny County, Pennsylvania",20758,4591,21900,5000,22969,2622,6810,33814,-,**,-,**,-,**
1400000US42003261500,42003261500,"Census Tract 2615, Allegheny County, Pennsylvania",33723,5271,34875,4370,38393,12289,15938,10681,-,**,-,**,-,**
1400000US42003262000,42003262000,"Census Tract 2620, Allegheny County, Pennsylvania",29320,4221,32067,6479,41250,13628,25804,2550,-,**,-,**,50972,58168
1400000US42003270100,42003270100,"Census Tract 2701, Allegheny County, Pennsylvania",32320,5565,31765,6705,36635,10781,32473,5617,-,**,-,**,-,**
1400000US42003270300,42003270300,"Census Tract 2703, Allegheny County, Pennsylvania",37602,4714,40679,2872,59375,40234,25435,3794,27098,96804,-,**,-,**
1400000US42003270400,42003270400,"Census Tract 2704, Allegheny County, Pennsylvania",25284,8589,32852,7557,28000,31786,22098,3001,-,**,-,**,-,**
1400000US42003270800,42003270800,"Census Tract 2708, Allegheny County, Pennsylvania",39837,4512,43220,4188,27500,13820,36563,2018,101250,272993,-,**,-,**
1400000US42003271500,42003271500,"Census Tract 2715, Allegheny County, Pennsylvania",25036,3137,27254,4951,36136,33020,17045,10632,14405,2157,-,**,39625,24164
1400000US42003281400,42003281400,"Census Tract 2814, Allegheny County, Pennsylvania",32302,2790,35054,6504,40625,15574,14853,2560,3984,43263,-,**,-,**
1400000US42003281500,42003281500,"Census Tract 2815, Allegheny County, Pennsylvania",30339,5333,30714,5459,24531,16657,31250,66077,-,**,-,**,-,**
1400000US42003290100,42003290100,"Census Tract 2901, Allegheny County, Pennsylvania",25040,7306,31108,4761,18750,4237,17750,29011,16250,10117,-,**,16042,27390
1400000US42003290200,42003290200,"Census Tract 2902, Allegheny County, Pennsylvania",27374,2173,30179,3110,28214,18800,24318,9245,10000,10997,-,**,32708,32949
1400000US42003290400,42003290400,"Census Tract 2904, Allegheny County, Pennsylvania",34468,5022,36503,3305,30563,18997,34018,8762,14239,11007,-,**,32361,22440
1400000US42003300100,42003300100,"Census Tract 3001, Allegheny County, Pennsylvania",22487,6927,35210,5998,18942,11827,16544,11042,-,**,17462,2082,14360,10203
1400000US42003310200,42003310200,"Census Tract 3102, Allegheny County, Pennsylvania",35060,3208,36981,5115,36250,11306,27000,24399,-,**,3750,2433,15682,15516
1400000US42003310300,42003310300,"Census Tract 3103, Allegheny County, Pennsylvania",36620,8445,40078,15111,36528,12386,-,**,-,**,-,**,18333,31715
1400000US42003320400,42003320400,"Census Tract 3204, Allegheny County, Pennsylvania",32183,8476,39245,5501,21000,15430,29583,10023,-,**,-,**,4338,84069
1400000US42003320600,42003320600,"Census Tract 3206, Allegheny County, Pennsylvania",36714,3287,39063,7016,37609,4441,30625,58046,-,**,-,**,33587,5493
1400000US42003320700,42003320700,"Census Tract 3207, Allegheny County, Pennsylvania",34214,4753,31458,3662,33917,4250,39450,4341,-,**,-,**,-,**
1400000US42003401100,42003401100,"Census Tract 4011, Allegheny County, Pennsylvania",33428,1401,33566,1799,24219,30310,-,**,34776,8456,-,**,23317,4675
1400000US42003401200,42003401200,"Census Tract 4012, Allegheny County, Pennsylvania",24239,6304,30268,4684,18239,5015,-,**,16304,5357,-,**,-,**
1400000US42003401300,42003401300,"Census Tract 4013, Allegheny County, Pennsylvania",35478,3128,36299,3991,18750,14613,-,**,21641,20717,-,**,11250,22250
1400000US42003402000,42003402000,"Census Tract 4020, Allegheny County, Pennsylvania",31522,3156,31979,3936,43667,15250,-,**,-,**,85109,116068,10750,11354
1400000US42003403500,42003403500,"Census Tract 4035, Allegheny County, Pennsylvania",24847,2759,25908,4435,23258,7718,25553,9363,17596,10098,-,**,-,**
1400000US42003404000,42003404000,"Census Tract 4040, Allegheny County, Pennsylvania",35101,3742,36856,3159,27083,17328,15673,4755,-,**,-,**,21250,15189
1400000US42003405000,42003405000,"Census Tract 4050, Allegheny County, Pennsylvania",36016,3344,36810,3125,24375,14396,-,**,-,**,-,**,-,**
1400000US42003406000,42003406000,"Census Tract 4060, Allegheny County, Pennsylvania",37883,3869,38542,4281,27344,8817,60625,25790,-,**,-,**,41000,24636
1400000US42003407001,42003407001,"Census Tract 4070.01, Allegheny County, Pennsylvania",35988,5558,36802,5186,31961,1556,54766,90824,-,**,-,**,-,**
1400000US42003407002,42003407002,"Census Tract 4070.02, Allegheny County, Pennsylvania",36736,5288,37882,7355,30556,28587,-,**,-,**,26875,47607,32981,42869
1400000US42003408001,42003408001,"Census Tract 4080.01, Allegheny County, Pennsylvania",45208,9629,46188,10703,23864,18064,-,**,-,**,-,**,95357,75060
1400000US42003408002,42003408002,"Census Tract 4080.02, Allegheny County, Pennsylvania",55123,4970,54695,4495,43846,22163,-,**,-,**,93162,106844,80486,13815
1400000US42003409000,42003409000,"Census Tract 4090, Allegheny County, Pennsylvania",75379,8537,75843,8738,57022,18207,73229,98362,17857,12418,-,**,127000,56002
1400000US42003410000,42003410000,"Census Tract 4100, Allegheny County, Pennsylvania",66083,15779,67273,15574,3750,101413,-,**,-,**,-,**,51042,13238
1400000US42003411000,42003411000,"Census Tract 4110, Allegheny County, Pennsylvania",74792,9940,76458,15131,75422,20973,-,**,-,**,-,**,61071,46375
1400000US42003412001,42003412001,"Census Tract 4120.01, Allegheny County, Pennsylvania",74321,11655,71345,12744,52574,43485,145563,92660,-,**,162500,93356,86250,51947
1400000US42003412002,42003412002,"Census Tract 4120.02, Allegheny County, Pennsylvania",54167,9115,58505,12033,11950,32604,55000,80322,"2,500-",***,63942,17141,36875,50486
1400000US42003413100,42003413100,"Census Tract 4131, Allegheny County, Pennsylvania",61793,13125,59670,7645,70197,60510,97321,38346,-,**,-,**,100517,76405
1400000US42003413201,42003413201,"Census Tract 4132.01, Allegheny County, Pennsylvania",42609,5715,38579,5806,53295,10191,46250,39336,-,**,-,**,33984,12284
1400000US42003413202,42003413202,"Census Tract 4132.02, Allegheny County, Pennsylvania",46840,4305,51034,4472,9531,4900,35795,34711,20260,11788,-,**,39688,41913
1400000US42003413300,42003413300,"Census Tract 4133, Allegheny County, Pennsylvania",41616,1854,40916,1474,31765,35405,46845,19535,15000,65454,-,**,104107,27187
1400000US42003413400,42003413400,"Census Tract 4134, Allegheny County, Pennsylvania",50506,4082,51076,3507,34028,12518,44375,26840,11500,111258,-,**,61736,28049
1400000US42003413500,42003413500,"Census Tract 4135, Allegheny County, Pennsylvania",40534,3039,40506,3351,39150,34339,65526,32127,4271,3024,21726,14564,123214,77514
1400000US42003414101,42003414101,"Census Tract 4141.01, Allegheny County, Pennsylvania",48155,2621,49685,3399,31750,21661,-,**,-,**,-,**,11725,44398
1400000US42003414102,42003414102,"Census Tract 4141.02, Allegheny County, Pennsylvania",49795,6185,48112,5911,42909,4895,68542,30538,-,**,-,**,63571,20507
1400000US42003414200,42003414200,"Census Tract 4142, Allegheny County, Pennsylvania",42917,9139,42460,8403,73672,45977,60667,73186,-,**,-,**,31000,127652
1400000US42003415001,42003415001,"Census Tract 4150.01, Allegheny County, Pennsylvania",52172,2986,51196,4590,52112,9091,-,**,-,**,-,**,74762,27214
1400000US42003415002,42003415002,"Census Tract 4150.02, Allegheny County, Pennsylvania",53993,4126,55938,8955,60357,25392,-,**,-,**,-,**,35278,17988
1400000US42003416000,42003416000,"Census Tract 4160, Allegheny County, Pennsylvania",28606,3951,30341,4175,34375,28037,18333,31424,6938,10966,-,**,27917,33378
1400000US42003417100,42003417100,"Census Tract 4171, Allegheny County, Pennsylvania",38966,3098,38406,5401,41188,10623,39167,20739,-,**,-,**,54286,12657
1400000US42003417200,42003417200,"Census Tract 4172, Allegheny County, Pennsylvania",30909,9454,32813,11661,7031,9112,41250,15513,-,**,-,**,28750,44898
1400000US42003418000,42003418000,"Census Tract 4180, Allegheny County, Pennsylvania",42839,2373,42287,2813,37500,42472,42266,1678,52000,24281,-,**,94167,95668
1400000US42003419000,42003419000,"Census Tract 4190, Allegheny County, Pennsylvania",33609,3747,32992,5236,35281,2695,43148,20012,-,**,-,**,"2,500-",***
1400000US42003420000,42003420000,"Census Tract 4200, Allegheny County, Pennsylvania",32031,2738,32347,5311,54861,23828,31429,7592,28929,8930,20833,32406,9583,51689
1400000US42003421100,42003421100,"Census Tract 4211, Allegheny County, Pennsylvania",52500,6970,54338,10628,31667,16066,36932,117047,-,**,-,**,54306,63929
1400000US42003421200,42003421200,"Census Tract 4212, Allegheny County, Pennsylvania",50000,5576,49650,6048,36667,30759,126250,79491,-,**,-,**,41607,64381
1400000US42003422000,42003422000,"Census Tract 4220, Allegheny County, Pennsylvania",99000,13433,101929,18043,101875,107073,-,**,-,**,13750,123515,83056,83561
1400000US42003423000,42003423000,"Census Tract 4230, Allegheny County, Pennsylvania",49098,4427,48320,7184,75292,29002,37717,46616,-,**,-,**,8603,33406
1400000US42003424000,42003424000,"Census Tract 4240, Allegheny County, Pennsylvania",25976,6063,31962,3628,18438,10425,21068,5952,19821,33264,-,**,-,**
1400000US42003425000,42003425000,"Census Tract 4250, Allegheny County, Pennsylvania",30369,3642,31631,3852,27550,19107,25313,8246,23597,824,-,**,85556,53578
1400000US42003426300,42003426300,"Census Tract 4263, Allegheny County, Pennsylvania",43522,4129,43990,4928,34940,35639,23750,22977,20737,30930,-,**,71563,42891
1400000US42003426400,42003426400,"Census Tract 4264, Allegheny County, Pennsylvania",41359,4480,42664,3705,38988,20308,-,**,10833,4126,-,**,39505,33496
1400000US42003426700,42003426700,"Census Tract 4267, Allegheny County, Pennsylvania",37978,4079,38033,4295,54063,12787,-,**,-,**,-,**,-,**
1400000US42003426800,42003426800,"Census Tract 4268, Allegheny County, Pennsylvania",45081,7176,45766,7022,40403,14499,58839,67573,-,**,-,**,50288,98676
1400000US42003427000,42003427000,"Census Tract 4270, Allegheny County, Pennsylvania",27851,3733,28485,4365,31316,19422,25750,4464,18333,5321,-,**,45469,21388
1400000US42003427100,42003427100,"Census Tract 4271, Allegheny County, Pennsylvania",44665,8849,48465,6166,39132,14482,-,**,-,**,4402,7458,34526,14740
1400000US42003427200,42003427200,"Census Tract 4272, Allegheny County, Pennsylvania",38485,6544,40194,8356,27240,17661,33068,22135,26852,16008,-,**,56650,14715
1400000US42003428100,42003428100,"Census Tract 4281, Allegheny County, Pennsylvania",33349,2177,33467,1955,26250,18660,43015,34181,-,**,-,**,-,**
1400000US42003428200,42003428200,"Census Tract 4282, Allegheny County, Pennsylvania",38007,5474,37500,4479,33542,31175,53229,90214,13125,30170,-,**,63333,8917
1400000US42003429100,42003429100,"Census Tract 4291, Allegheny County, Pennsylvania",43664,5354,44729,5492,31445,4887,26250,29549,-,**,-,**,50779,6542
1400000US42003429201,42003429201,"Census Tract 4292.01, Allegheny County, Pennsylvania",47653,6020,48903,5694,44091,33555,55375,26588,-,**,-,**,14567,41939
1400000US42003429202,42003429202,"Census Tract 4292.02, Allegheny County, Pennsylvania",49176,2442,48795,2495,57262,15357,43750,15175,-,**,-,**,22283,23778
1400000US42003429300,42003429300,"Census Tract 4293, Allegheny County, Pennsylvania",49052,9334,49773,12014,48688,22664,48889,36874,4265,21859,-,**,66250,52771
1400000US42003429400,42003429400,"Census Tract 4294, Allegheny County, Pennsylvania",42891,3078,44102,2987,39688,19068,34188,31612,15250,16979,"2,500-",***,22083,30880
1400000US42003429500,42003429500,"Census Tract 4295, Allegheny County, Pennsylvania",38068,4697,37557,3414,63235,28734,17279,30991,-,**,-,**,-,**
1400000US42003429600,42003429600,"Census Tract 4296, Allegheny County, Pennsylvania",37034,9834,40156,11355,46489,3386,33490,10914,-,**,-,**,25982,14852
1400000US42003429700,42003429700,"Census Tract 4297, Allegheny County, Pennsylvania",35240,8515,33971,7412,32159,12804,47841,44651,-,**,-,**,-,**
1400000US42003430100,42003430100,"Census Tract 4301, Allegheny County, Pennsylvania",39184,5091,39309,6644,39432,12654,21458,50505,20724,2085,-,**,-,**
1400000US42003430200,42003430200,"Census Tract 4302, Allegheny County, Pennsylvania",38155,6964,40880,10221,41250,18062,21818,19086,-,**,-,**,69250,132933
1400000US42003431100,42003431100,"Census Tract 4311, Allegheny County, Pennsylvania",33014,4426,35568,6918,30438,10749,24688,16896,17266,14185,-,**,24844,20158
1400000US42003431400,42003431400,"Census Tract 4314, Allegheny County, Pennsylvania",35298,7048,32692,7110,43558,16966,42500,5452,11136,15713,-,**,42727,7728
1400000US42003431500,42003431500,"Census Tract 4315, Allegheny County, Pennsylvania",28669,3932,33088,4985,30815,13511,21121,7534,8050,4074,-,**,-,**
1400000US42003432300,42003432300,"Census Tract 4323, Allegheny County, Pennsylvania",38165,6048,41350,10417,26964,26588,39113,12039,16576,9724,-,**,-,**
1400000US42003432400,42003432400,"Census Tract 4324, Allegheny County, Pennsylvania",30816,2676,32850,2553,20256,7972,33750,7458,16859,14209,-,**,-,**
1400000US42003434000,42003434000,"Census Tract 4340, Allegheny County, Pennsylvania",51136,4250,53571,2713,36250,30450,38333,12241,3929,370,12188,33593,50417,26292
1400000US42003435000,42003435000,"Census Tract 4350, Allegheny County, Pennsylvania",35597,2902,35077,3603,40288,36556,34583,2875,-,**,-,**,29063,34700
1400000US42003437000,42003437000,"Census Tract 4370, Allegheny County, Pennsylvania",59243,7215,58698,8591,61538,23752,86875,55783,-,**,-,**,56806,13136
1400000US42003439000,42003439000,"Census Tract 4390, Allegheny County, Pennsylvania",45438,7091,46125,10758,23750,156432,51250,43942,53333,145938,38333,119238,42083,26005
1400000US42003445500,42003445500,"Census Tract 4455, Allegheny County, Pennsylvania",49071,9576,53879,21220,22353,18716,47969,18588,22279,12985,-,**,77386,10699
1400000US42003446000,42003446000,"Census Tract 4460, Allegheny County, Pennsylvania",77708,8828,79226,12955,41667,31631,153750,138836,25833,42308,21563,134141,49583,30260
1400000US42003447000,42003447000,"Census Tract 4470, Allegheny County, Pennsylvania",43750,9402,47778,6288,29773,9117,48438,31045,12813,15044,-,**,26667,13176
1400000US42003448000,42003448000,"Census Tract 4480, Allegheny County, Pennsylvania",35278,4557,37115,7099,20865,2146,36985,3591,24167,9779,34583,57886,8250,16562
1400000US42003449000,42003449000,"Census Tract 4490, Allegheny County, Pennsylvania",32616,3906,33514,4053,6574,3022,61250,22347,-,**,7500,5362,93750,36407
1400000US42003450700,42003450700,"Census Tract 4507, Allegheny County, Pennsylvania",27536,6502,27484,6314,22179,16116,57679,43087,21541,7892,-,**,25000,29231
1400000US42003450800,42003450800,"Census Tract 4508, Allegheny County, Pennsylvania",31932,4719,33643,5206,36625,20619,-,**,13790,756,-,**,-,**
1400000US42003451101,42003451101,"Census Tract 4511.01, Allegheny County, Pennsylvania",46053,5093,46402,9121,28295,30910,43920,34332,6667,10902,82845,42798,62344,65783
1400000US42003451102,42003451102,"Census Tract 4511.02, Allegheny County, Pennsylvania",37022,5386,41445,4530,21339,10085,43864,15853,3071,1950,68625,285998,7045,49833
1400000US42003451104,42003451104,"Census Tract 4511.04, Allegheny County, Pennsylvania",53555,6796,53945,7259,52404,14601,84583,36337,-,**,48750,46723,20313,83257
1400000US42003451105,42003451105,"Census Tract 4511.05, Allegheny County, Pennsylvania",35860,9599,40708,7988,17676,35354,40673,20385,20833,13480,-,**,4940,26437
1400000US42003451300,42003451300,"Census Tract 4513, Allegheny County, Pennsylvania",48895,9169,48025,9149,57031,27056,70855,56171,-,**,-,**,54559,83861
1400000US42003452000,42003452000,"Census Tract 4520, Allegheny County, Pennsylvania",45625,6975,45100,7763,41667,28073,90893,58494,-,**,-,**,60083,65710
1400000US42003453003,42003453003,"Census Tract 4530.03, Allegheny County, Pennsylvania",33450,7469,33925,7217,23889,20401,21080,11967,-,**,-,**,110104,69219
1400000US42003453004,42003453004,"Census Tract 4530.04, Allegheny County, Pennsylvania",47652,5458,50617,7137,42284,11123,37167,27211,-,**,39196,72696,79423,80993
1400000US42003455000,42003455000,"Census Tract 4550, Allegheny County, Pennsylvania",33724,2022,34696,3048,25469,9440,49531,47030,9038,13255,-,**,16563,21790
1400000US42003456001,42003456001,"Census Tract 4560.01, Allegheny County, Pennsylvania",35965,3727,36743,5002,8958,38784,-,**,-,**,28333,8516,46250,47294
1400000US42003456003,42003456003,"Census Tract 4560.03, Allegheny County, Pennsylvania",55093,7898,53880,7024,42917,62231,60313,20861,-,**,-,**,104375,47592
1400000US42003456004,42003456004,"Census Tract 4560.04, Allegheny County, Pennsylvania",41477,5012,39208,5277,33750,9688,53219,18668,-,**,-,**,78472,28590
1400000US42003457100,42003457100,"Census Tract 4571, Allegheny County, Pennsylvania",26964,4674,29196,6048,45625,2661,26714,9901,4494,2343,-,**,24750,79371
1400000US42003457200,42003457200,"Census Tract 4572, Allegheny County, Pennsylvania",35461,2648,35766,3256,29286,34832,57813,23145,5694,7269,46389,67984,18750,14347
1400000US42003458000,42003458000,"Census Tract 4580, Allegheny County, Pennsylvania",47784,5219,46324,5391,35347,12870,52054,46791,73681,136455,-,**,71983,92532
1400000US42003459101,42003459101,"Census Tract 4591.01, Allegheny County, Pennsylvania",48281,8176,46583,7838,11250,71324,80795,34395,-,**,-,**,-,**
1400000US42003459102,42003459102,"Census Tract 4591.02, Allegheny County, Pennsylvania",54327,5274,55526,5851,50100,43021,-,**,-,**,-,**,63125,99407
1400000US42003459201,42003459201,"Census Tract 4592.01, Allegheny County, Pennsylvania",48479,7624,51861,7901,21012,22740,51585,17653,-,**,-,**,58804,43135
1400000US42003459202,42003459202,"Census Tract 4592.02, Allegheny County, Pennsylvania",43125,4451,44250,4526,48333,29499,40417,12133,-,**,-,**,22143,37823
1400000US42003460001,42003460001,"Census Tract 4600.01, Allegheny County, Pennsylvania",37136,4500,40167,3245,14323,6277,35227,15877,-,**,41438,14164,-,**
1400000US42003460002,42003460002,"Census Tract 4600.02, Allegheny County, Pennsylvania",40593,4057,39797,5227,30197,10009,42200,12409,-,**,-,**,49056,3406
1400000US42003461000,42003461000,"Census Tract 4610, Allegheny County, Pennsylvania",32861,2767,33218,2043,31250,20846,28750,20143,15833,1642,-,**,43750,21948
1400000US42003462100,42003462100,"Census Tract 4621, Allegheny County, Pennsylvania",31764,3129,34079,4296,26333,11876,23250,16929,-,**,-,**,13942,96564
1400000US42003462600,42003462600,"Census Tract 4626, Allegheny County, Pennsylvania",28571,4712,32257,4311,28529,9661,24813,6894,16250,2445,-,**,-,**
1400000US42003463900,42003463900,"Census Tract 4639, Allegheny County, Pennsylvania",25369,5436,27432,3029,21250,14203,7105,35291,15313,5471,-,**,16375,17583
1400000US42003464300,42003464300,"Census Tract 4643, Allegheny County, Pennsylvania",33648,5198,38140,2237,22396,24226,29453,4707,5625,7463,31111,24670,-,**
1400000US42003464400,42003464400,"Census Tract 4644, Allegheny County, Pennsylvania",23449,3107,28368,3797,18750,9653,16958,15711,9152,11066,-,**,16875,19631
1400000US42003465600,42003465600,"Census Tract 4656, Allegheny County, Pennsylvania",31414,2980,30806,2789,41607,94816,30469,11106,22031,3770,-,**,56667,28687
1400000US42003465800,42003465800,"Census Tract 4658, Allegheny County, Pennsylvania",36614,6125,38269,5971,32917,6291,35625,18668,21563,9891,-,**,162375,112452
1400000US42003468700,42003468700,"Census Tract 4687, Allegheny County, Pennsylvania",32225,6408,35972,10391,22500,8365,22250,17955,-,**,-,**,4375,1821
1400000US42003468800,42003468800,"Census Tract 4688, Allegheny County, Pennsylvania",34361,5561,36118,2982,26053,19002,24042,8938,-,**,-,**,43611,738
1400000US42003468900,42003468900,"Census Tract 4689, Allegheny County, Pennsylvania",33750,5679,37313,6350,38036,15912,9318,27528,-,**,-,**,47625,25145
1400000US42003469000,42003469000,"Census Tract 4690, Allegheny County, Pennsylvania",47411,4008,48403,3961,31292,8441,54464,25954,"2,500-",***,-,**,53375,38171
1400000US42003470300,42003470300,"Census Tract 4703, Allegheny County, Pennsylvania",43849,4501,43997,4677,34545,33243,36923,21538,-,**,-,**,-,**
1400000US42003470400,42003470400,"Census Tract 4704, Allegheny County, Pennsylvania",41914,4106,41172,3301,55435,41788,54135,11885,-,**,29485,28118,8472,33038
1400000US42003470501,42003470501,"Census Tract 4705.01, Allegheny County, Pennsylvania",56630,6676,56852,11485,54602,5289,66934,16233,-,**,-,**,51625,103149
1400000US42003470502,42003470502,"Census Tract 4705.02, Allegheny County, Pennsylvania",46500,11004,44113,11180,32143,38205,54231,37942,-,**,-,**,-,**
1400000US42003470600,42003470600,"Census Tract 4706, Allegheny County, Pennsylvania",34655,7317,35000,8548,26944,13034,32361,20263,37917,31123,-,**,-,**
1400000US42003471000,42003471000,"Census Tract 4710, Allegheny County, Pennsylvania",33241,4436,35872,2218,26923,4219,43958,11022,9750,1763,-,**,55288,42348
1400000US42003472100,42003472100,"Census Tract 4721, Allegheny County, Pennsylvania",31833,4503,31990,10944,36908,16278,25743,9383,14444,20039,-,**,45455,38974
1400000US42003472200,42003472200,"Census Tract 4722, Allegheny County, Pennsylvania",37569,8448,41681,7043,20737,11477,47222,9788,23655,541,-,**,4583,16375
1400000US42003472300,42003472300,"Census Tract 4723, Allegheny County, Pennsylvania",32151,3207,32835,4526,17500,20788,32500,4638,21477,45798,-,**,-,**
1400000US42003472400,42003472400,"Census Tract 4724, Allegheny County, Pennsylvania",36141,3380,41094,6672,25083,14300,35192,5836,8750,12733,26250,651,34500,45211
1400000US42003473100,42003473100,"Census Tract 4731, Allegheny County, Pennsylvania",48333,10231,52279,13714,37917,44811,45313,24869,53005,83864,-,**,42353,14183
1400000US42003473200,42003473200,"Census Tract 4732, Allegheny County, Pennsylvania",38814,5742,42113,10337,17155,2334,39643,14022,7212,28180,-,**,63393,50638
1400000US42003473300,42003473300,"Census Tract 4733, Allegheny County, Pennsylvania",46614,6068,46440,5803,47727,31853,52067,19385,30227,21744,-,**,51964,19467
1400000US42003473401,42003473401,"Census Tract 4734.01, Allegheny County, Pennsylvania",52242,4755,52944,4606,39236,35666,38810,34773,12396,89186,100625,129156,59479,11961
1400000US42003473402,42003473402,"Census Tract 4734.02, Allegheny County, Pennsylvania",56829,7815,56890,10092,28750,42351,88500,33662,25375,36788,-,**,46944,57667
1400000US42003473500,42003473500,"Census Tract 4735, Allegheny County, Pennsylvania",74639,12532,67292,18272,24688,70197,95250,10006,52045,55963,-,**,98333,27384
1400000US42003473601,42003473601,"Census Tract 4736.01, Allegheny County, Pennsylvania",69786,10083,69286,14131,50455,30660,88929,28500,72083,19866,-,**,70735,57951
1400000US42003473602,42003473602,"Census Tract 4736.02, Allegheny County, Pennsylvania",50556,11856,50603,11540,70368,46966,47283,29478,-,**,-,**,50893,93229
1400000US42003474101,42003474101,"Census Tract 4741.01, Allegheny County, Pennsylvania",55335,7265,55804,7618,77500,71710,85625,47332,-,**,-,**,37625,18955
1400000US42003474102,42003474102,"Census Tract 4741.02, Allegheny County, Pennsylvania",52056,10593,52031,10723,34875,42318,83214,30469,-,**,32679,50761,86111,84707
1400000US42003474201,42003474201,"Census Tract 4742.01, Allegheny County, Pennsylvania",71389,6549,71000,6902,26250,60529,75313,17879,-,**,-,**,91000,75175
1400000US42003474202,42003474202,"Census Tract 4742.02, Allegheny County, Pennsylvania",63929,11356,59536,13576,75714,85000,80685,18644,-,**,-,**,64688,27288
1400000US42003474203,42003474203,"Census Tract 4742.03, Allegheny County, Pennsylvania",57027,9663,55625,11555,40956,40670,62143,18870,-,**,110682,111492,95909,80422
1400000US42003475101,42003475101,"Census Tract 4751.01, Allegheny County, Pennsylvania",39926,3896,40773,3252,22955,23270,40250,11940,-,**,-,**,29219,51150
1400000US42003475102,42003475102,"Census Tract 4751.02, Allegheny County, Pennsylvania",41219,3991,38250,4801,39306,17508,43945,7434,-,**,7375,93677,71406,44953
1400000US42003475200,42003475200,"Census Tract 4752, Allegheny County, Pennsylvania",41094,5851,38090,5113,46250,23566,68281,27557,-,**,76222,769,50403,20665
1400000US42003475301,42003475301,"Census Tract 4753.01, Allegheny County, Pennsylvania",38363,3214,39162,4814,15938,7519,41618,12315,-,**,-,**,26591,32377
1400000US42003475303,42003475303,"Census Tract 4753.03, Allegheny County, Pennsylvania",51527,1766,51031,1881,64605,8235,47500,8037,"2,500-",***,8750,61931,64886,12525
1400000US42003475304,42003475304,"Census Tract 4753.04, Allegheny County, Pennsylvania",46228,5036,47663,6709,40343,8064,58553,16968,-,**,-,**,15286,16949
1400000US42003475401,42003475401,"Census Tract 4754.01, Allegheny County, Pennsylvania",41768,2794,41516,3162,33750,16337,54545,25199,7232,14679,-,**,53819,55037
1400000US42003475402,42003475402,"Census Tract 4754.02, Allegheny County, Pennsylvania",52216,8162,49063,7663,24722,21405,70750,18008,-,**,-,**,74013,14933
1400000US42003476100,42003476100,"Census Tract 4761, Allegheny County, Pennsylvania",29492,3243,30639,5854,26641,17141,35509,7850,8622,12344,-,**,10039,6647
1400000US42003476200,42003476200,"Census Tract 4762, Allegheny County, Pennsylvania",38825,4004,39412,4226,29643,36664,39766,12850,11477,13025,-,**,-,**
1400000US42003477100,42003477100,"Census Tract 4771, Allegheny County, Pennsylvania",43029,3304,44965,3692,30139,39463,42500,9487,33625,29991,-,**,57875,65077
1400000US42003477200,42003477200,"Census Tract 4772, Allegheny County, Pennsylvania",46276,3589,46282,4433,45000,11520,50609,4888,-,**,-,**,36071,13055
1400000US42003477300,42003477300,"Census Tract 4773, Allegheny County, Pennsylvania",32377,4684,45024,5418,16364,7486,21552,5003,-,**,-,**,-,**
1400000US42003478100,42003478100,"Census Tract 4781, Allegheny County, Pennsylvania",34196,6631,35910,4632,30938,33054,19911,18640,7083,46576,-,**,41250,31754
1400000US42003478200,42003478200,"Census Tract 4782, Allegheny County, Pennsylvania",35175,3059,36646,4135,30919,10196,20954,10188,4286,37013,-,**,46389,87945
1400000US42003479000,42003479000,"Census Tract 4790, Allegheny County, Pennsylvania",43750,3276,44036,3967,40703,14932,51806,3347,-,**,-,**,-,**
1400000US42003480101,42003480101,"Census Tract 4801.01, Allegheny County, Pennsylvania",34177,3304,35650,6814,28156,8926,31591,33183,7788,16521,-,**,10909,32938
1400000US42003480102,42003480102,"Census Tract 4801.02, Allegheny County, Pennsylvania",31599,3039,29559,5465,33472,5431,73750,21003,-,**,-,**,40750,1214
1400000US42003480200,42003480200,"Census Tract 4802, Allegheny County, Pennsylvania",34337,6110,35242,5219,37625,29867,26625,21124,10938,41758,-,**,42083,51294
1400000US42003480300,42003480300,"Census Tract 4803, Allegheny County, Pennsylvania",48697,6046,46594,5268,40938,12062,66579,7785,-,**,56176,21780,57109,8052
1400000US42003480400,42003480400,"Census Tract 4804, Allegheny County, Pennsylvania",39613,4184,40292,3326,35000,14614,25536,31767,-,**,-,**,115284,141845
1400000US42003481000,42003481000,"Census Tract 4810, Allegheny County, Pennsylvania",27935,3544,30810,5124,23125,19525,22143,6096,4511,21448,-,**,-,**
1400000US42003482500,42003482500,"Census Tract 4825, Allegheny County, Pennsylvania",37457,3753,40648,4268,33125,6616,12750,10135,-,**,-,**,40938,40436
1400000US42003483800,42003483800,"Census Tract 4838, Allegheny County, Pennsylvania",26292,7095,32743,9620,17500,24536,13594,10277,25345,18964,16250,3760,43750,730
1400000US42003484300,42003484300,"Census Tract 4843, Allegheny County, Pennsylvania",27379,2365,28045,3320,23777,4387,17112,17172,28063,30288,7208,128458,70313,30555
1400000US42003484500,42003484500,"Census Tract 4845, Allegheny County, Pennsylvania",38139,4931,36992,6722,30197,17126,50205,8130,26104,25901,-,**,40587,2166
1400000US42003484600,42003484600,"Census Tract 4846, Allegheny County, Pennsylvania",35488,6574,39560,5516,35667,12369,22875,6416,-,**,-,**,11250,49004
1400000US42003485000,42003485000,"Census Tract 4850, Allegheny County, Pennsylvania",28594,4812,30509,4524,26042,11186,23750,16184,-,**,21250,15467,37188,6035
1400000US42003486700,42003486700,"Census Tract 4867, Allegheny County, Pennsylvania",25799,11366,28438,8774,47667,19129,4920,5178,-,**,-,**,-,**
1400000US42003486800,42003486800,"Census Tract 4868, Allegheny County, Pennsylvania",24300,4450,27279,4276,18523,1468,20000,34780,5667,6476,-,**,29063,2995
1400000US42003486900,42003486900,"Census Tract 4869, Allegheny County, Pennsylvania",21646,8475,23333,12153,25000,31125,14375,13692,-,**,-,**,7125,48281
1400000US42003487000,42003487000,"Census Tract 4870, Allegheny County, Pennsylvania",34504,4110,38182,7073,20156,19687,21500,14952,-,**,-,**,-,**
1400000US42003488100,42003488100,"Census Tract 4881, Allegheny County, Pennsylvania",40239,2648,41471,2320,33333,8906,-,**,-,**,56071,52371,50500,135387
1400000US42003488200,42003488200,"Census Tract 4882, Allegheny County, Pennsylvania",26400,3940,28920,5272,26299,5462,14107,15086,-,**,-,**,-,**
1400000US42003488300,42003488300,"Census Tract 4883, Allegheny County, Pennsylvania",39716,3324,40408,3305,40368,7938,32045,2384,55294,37504,80750,109577,18750,33669
1400000US42003488400,42003488400,"Census Tract 4884, Allegheny County, Pennsylvania",31988,2774,31796,2765,40449,6803,29342,14153,17188,49672,-,**,-,**
1400000US42003488500,42003488500,"Census Tract 4885, Allegheny County, Pennsylvania",31638,2455,31979,2488,41046,3439,25559,9397,"2,500-",***,-,**,-,**
1400000US42003488600,42003488600,"Census Tract 4886, Allegheny County, Pennsylvania",37472,7491,42500,9563,37813,46601,24158,35156,-,**,-,**,11528,62796
1400000US42003489001,42003489001,"Census Tract 4890.01, Allegheny County, Pennsylvania",47071,3299,46822,5007,49940,9881,47125,13642,-,**,-,**,36250,9979
1400000US42003489002,42003489002,"Census Tract 4890.02, Allegheny County, Pennsylvania",43301,3728,43443,4481,36518,15515,63667,10740,18636,38042,-,**,79306,96332
1400000US42003490002,42003490002,"Census Tract 4900.02, Allegheny County, Pennsylvania",38330,5421,38732,4899,21481,2588,43261,10912,-,**,-,**,60250,52594
1400000US42003490003,42003490003,"Census Tract 4900.03, Allegheny County, Pennsylvania",42692,8450,41667,8519,45156,37246,49792,32575,-,**,-,**,55893,92409
1400000US42003490004,42003490004,"Census Tract 4900.04, Allegheny County, Pennsylvania",43798,2184,44990,4931,28750,8928,74219,61585,-,**,18179,1390,13523,69757
1400000US42003491101,42003491101,"Census Tract 4911.01, Allegheny County, Pennsylvania",51090,8161,53081,9459,7031,40191,74904,16554,-,**,-,**,152708,235111
1400000US42003491200,42003491200,"Census Tract 4912, Allegheny County, Pennsylvania",40303,4536,41755,2969,41964,37196,26520,18356,-,**,-,**,-,**
1400000US42003492700,42003492700,"Census Tract 4927, Allegheny County, Pennsylvania",24985,3076,27037,5597,26019,6844,-,**,11302,198,-,**,10625,11643
1400000US42003492800,42003492800,"Census Tract 4928, Allegheny County, Pennsylvania",23261,4884,25182,3929,22969,9440,12100,17955,37167,79105,-,**,-,**
1400000US42003492900,42003492900,"Census Tract 4929, Allegheny County, Pennsylvania",26463,6599,24640,5643,30357,44126,35700,16137,-,**,-,**,-,**
1400000US42003494000,42003494000,"Census Tract 4940, Allegheny County, Pennsylvania",29079,4720,30667,6346,27045,7352,21250,16348,40227,27970,-,**,13125,22575
1400000US42003495000,42003495000,"Census Tract 4950, Allegheny County, Pennsylvania",33843,3399,33976,4263,31452,18809,-,**,35461,34941,-,**,31875,11377
1400000US42003496101,42003496101,"Census Tract 4961.01, Allegheny County, Pennsylvania",38185,5267,39286,6195,14271,8130,-,**,48333,86969,-,**,55069,41983
1400000US42003496102,42003496102,"Census Tract 4961.02, Allegheny County, Pennsylvania",38703,4718,38150,5451,42750,16966,79125,36568,-,**,-,**,51250,33773
1400000US42003496200,42003496200,"Census Tract 4962, Allegheny County, Pennsylvania",32244,4677,32320,5001,30313,29828,-,**,-,**,-,**,58571,3930
1400000US42003497000,42003497000,"Census Tract 4970, Allegheny County, Pennsylvania",33636,5766,37625,4435,28289,2435,31250,10770,-,**,-,**,-,**
1400000US42003498000,42003498000,"Census Tract 4980, Allegheny County, Pennsylvania",31875,3559,32725,2870,33214,31312,16488,42017,38125,2921,14148,9303,24583,21155
1400000US42003499300,42003499300,"Census Tract 4993, Allegheny County, Pennsylvania",28952,4870,30526,6595,25375,27984,23472,7621,3750,775,-,**,-,**
1400000US42003499400,42003499400,"Census Tract 4994, Allegheny County, Pennsylvania",28584,2767,31488,3300,20750,5205,"2,500-",***,6250,4110,-,**,19167,22323
1400000US42003500300,42003500300,"Census Tract 5003, Allegheny County, Pennsylvania",35817,6218,38066,6554,29643,45411,34091,16817,4643,421,-,**,-,**
1400000US42003501000,42003501000,"Census Tract 5010, Allegheny County, Pennsylvania",29722,5115,32102,4936,27000,5742,-,**,15938,6289,-,**,-,**
1400000US42003503002,42003503002,"Census Tract 5030.02, Allegheny County, Pennsylvania",33144,3179,34562,3834,27356,8085,-,**,21034,13375,-,**,12375,45517
1400000US42003504100,42003504100,"Census Tract 5041, Allegheny County, Pennsylvania",27900,3369,28438,3920,23837,18596,34205,24475,29194,1485,5441,24635,26544,25713
1400000US42003507000,42003507000,"Census Tract 5070, Allegheny County, Pennsylvania",31592,2454,31857,2626,58571,18158,59135,18661,-,**,-,**,23269,15414
1400000US42003508000,42003508000,"Census Tract 5080, Allegheny County, Pennsylvania",16458,7101,14096,3458,30179,11907,23125,34460,8214,2009,-,**,18500,17619
1400000US42003509400,42003509400,"Census Tract 5094, Allegheny County, Pennsylvania",28548,3505,31352,2743,21513,12201,48438,37512,12841,16627,-,**,-,**
1400000US42003510000,42003510000,"Census Tract 5100, Allegheny County, Pennsylvania",23914,4153,27639,7383,17656,14617,12411,6113,18542,17505,-,**,-,**
1400000US42003512000,42003512000,"Census Tract 5120, Allegheny County, Pennsylvania",26730,1689,29974,2785,25119,16245,16875,24905,-,**,-,**,20625,10938
1400000US42003512800,42003512800,"Census Tract 5128, Allegheny County, Pennsylvania",23346,4189,30000,5334,23984,5345,17260,10410,-,**,-,**,-,**
1400000US42003512900,42003512900,"Census Tract 5129, Allegheny County, Pennsylvania",24250,9524,30789,12123,-,**,9605,6686,-,**,-,**,-,**
1400000US42003513800,42003513800,"Census Tract 5138, Allegheny County, Pennsylvania",17074,4341,23095,13368,19524,3341,14554,7950,13158,5760,-,**,-,**
1400000US42003514000,42003514000,"Census Tract 5140, Allegheny County, Pennsylvania",19375,6237,19097,10194,26250,11152,14583,4226,9231,42989,-,**,12188,32944
1400000US42003515100,42003515100,"Census Tract 5151, Allegheny County, Pennsylvania",32391,6260,33725,6312,27368,25332,35313,13143,5926,1236,-,**,-,**
1400000US42003515200,42003515200,"Census Tract 5152, Allegheny County, Pennsylvania",37766,4841,39315,5198,45694,34737,25078,13372,20417,12475,-,**,47604,24341
1400000US42003515300,42003515300,"Census Tract 5153, Allegheny County, Pennsylvania",25119,3223,25667,8335,33409,15081,23707,4285,10114,3157,-,**,24250,4539
1400000US42003515401,42003515401,"Census Tract 5154.01, Allegheny County, Pennsylvania",38638,2628,46484,11568,38750,38908,29129,9108,10100,6928,-,**,11667,46142
1400000US42003516100,42003516100,"Census Tract 5161, Allegheny County, Pennsylvania",47431,7094,46940,5562,53056,18543,36094,22607,-,**,-,**,52632,13776
1400000US42003516200,42003516200,"Census Tract 5162, Allegheny County, Pennsylvania",45160,3836,46546,5170,52917,34238,40625,19993,-,**,-,**,42813,38635
1400000US42003517000,42003517000,"Census Tract 5170, Allegheny County, Pennsylvania",35329,4396,36068,2511,36250,6140,23625,20041,10900,3242,-,**,138289,110122
1400000US42003518001,42003518001,"Census Tract 5180.01, Allegheny County, Pennsylvania",51046,4973,52159,8661,46429,14804,36500,46561,-,**,61023,34109,50104,19909
1400000US42003519000,42003519000,"Census Tract 5190, Allegheny County, Pennsylvania",46463,2597,47140,3314,55694,17890,36136,15433,-,**,-,**,43438,46831
1400000US42003520001,42003520001,"Census Tract 5200.01, Allegheny County, Pennsylvania",36935,3238,36824,4681,39306,30075,45000,27109,4542,42316,36406,121425,31944,20103
1400000US42003520002,42003520002,"Census Tract 5200.02, Allegheny County, Pennsylvania",32841,2913,31998,2532,30515,9366,48421,3922,-,**,-,**,55893,54556
1400000US42003521100,42003521100,"Census Tract 5211, Allegheny County, Pennsylvania",40548,6609,41426,4488,21932,32698,44191,9626,-,**,6375,17812,53472,82171
1400000US42003521200,42003521200,"Census Tract 5212, Allegheny County, Pennsylvania",36824,4164,36732,3765,40453,3609,15625,49615,-,**,3611,44463,28906,47189
1400000US42003521301,42003521301,"Census Tract 5213.01, Allegheny County, Pennsylvania",35335,7912,39006,9932,-,**,27000,10999,23097,31754,51658,11310,6981,33926
1400000US42003521302,42003521302,"Census Tract 5213.02, Allegheny County, Pennsylvania",40571,3803,39966,3647,63616,25191,49083,31713,33750,42661,24722,293644,32206,39864
1400000US42003521401,42003521401,"Census Tract 5214.01, Allegheny County, Pennsylvania",36458,4101,37956,3774,19349,15784,-,**,-,**,-,**,40341,67181
1400000US42003521402,42003521402,"Census Tract 5214.02, Allegheny County, Pennsylvania",48311,6155,43284,4065,56976,25319,74219,47136,-,**,-,**,63651,40072
1400000US42003521500,42003521500,"Census Tract 5215, Allegheny County, Pennsylvania",36882,3834,37941,5201,26435,9444,48365,5677,-,**,-,**,24583,15820
1400000US42003522000,42003522000,"Census Tract 5220, Allegheny County, Pennsylvania",31642,3920,32226,3336,34444,13842,12917,16327,62969,65119,-,**,27466,56196
1400000US42003523100,42003523100,"Census Tract 5231, Allegheny County, Pennsylvania",26399,8424,33661,5276,9778,6144,25273,12536,-,**,-,**,47738,81163
1400000US42003523200,42003523200,"Census Tract 5232, Allegheny County, Pennsylvania",30953,4148,31121,4376,25650,19273,32778,29651,-,**,-,**,45583,8685
1400000US42003523300,42003523300,"Census Tract 5233, Allegheny County, Pennsylvania",30677,8814,32649,7080,21908,13834,19688,20521,7054,87621,-,**,73173,21451
1400000US42003523400,42003523400,"Census Tract 5234, Allegheny County, Pennsylvania",32660,4848,34263,4514,25088,16748,22266,20806,-,**,-,**,57841,9772
1400000US42003523501,42003523501,"Census Tract 5235.01, Allegheny County, Pennsylvania",31087,1514,33027,1712,30104,7183,31678,25658,-,**,6509,43149,9675,3052
1400000US42003523502,42003523502,"Census Tract 5235.02, Allegheny County, Pennsylvania",26569,3918,25305,4587,31103,12040,26667,7111,-,**,-,**,-,**
1400000US42003523600,42003523600,"Census Tract 5236, Allegheny County, Pennsylvania",42088,15182,41813,15410,26027,19028,49926,60516,"2,500-",***,-,**,31080,42480
1400000US42003523701,42003523701,"Census Tract 5237.01, Allegheny County, Pennsylvania",30993,3431,32608,3836,26500,18195,41324,13961,-,**,-,**,21042,12469
1400000US42003523702,42003523702,"Census Tract 5237.02, Allegheny County, Pennsylvania",33694,2021,34220,2630,37763,27142,26696,44352,4177,14955,-,**,-,**
1400000US42003523800,42003523800,"Census Tract 5238, Allegheny County, Pennsylvania",37580,4678,37519,6669,36910,23145,44205,21973,-,**,-,**,39306,39458
1400000US42003524000,42003524000,"Census Tract 5240, Allegheny County, Pennsylvania",27471,3085,30491,4224,26667,6703,11364,15405,10313,4283,28571,44436,-,**
1400000US42003525100,42003525100,"Census Tract 5251, Allegheny County, Pennsylvania",49779,10076,48235,12205,40972,35084,51953,17061,81750,170118,-,**,56607,57041
1400000US42003525200,42003525200,"Census Tract 5252, Allegheny County, Pennsylvania",33024,8466,34274,5669,39135,2315,18594,36425,11477,6130,-,**,40469,23888
1400000US42003525300,42003525300,"Census Tract 5253, Allegheny County, Pennsylvania",42621,4488,44315,6201,38750,19502,73929,44218,12375,8286,-,**,39375,46348
1400000US42003526101,42003526101,"Census Tract 5261.01, Allegheny County, Pennsylvania",45958,3576,45079,3535,41563,11091,65000,51408,68571,479,-,**,65972,31950
1400000US42003526102,42003526102,"Census Tract 5261.02, Allegheny County, Pennsylvania",34674,8917,34402,10078,50521,22625,-,**,-,**,-,**,26842,2399
1400000US42003526201,42003526201,"Census Tract 5262.01, Allegheny County, Pennsylvania",36204,4669,35949,4414,20556,20308,60417,23334,-,**,-,**,-,**
1400000US42003526202,42003526202,"Census Tract 5262.02, Allegheny County, Pennsylvania",36471,5807,36579,6496,12083,36210,37273,39445,-,**,-,**,63462,53773
1400000US42003526301,42003526301,"Census Tract 5263.01, Allegheny County, Pennsylvania",41875,3487,41338,4012,45962,21543,49236,7112,-,**,14265,80076,21250,71865
1400000US42003526302,42003526302,"Census Tract 5263.02, Allegheny County, Pennsylvania",36073,4338,35815,3571,51418,12989,33494,19809,12656,2694,-,**,73603,74823
1400000US42003550900,42003550900,"Census Tract 5509, Allegheny County, Pennsylvania",21364,2906,31029,15926,12750,14823,18550,3902,25278,30083,-,**,-,**
1400000US42003551200,42003551200,"Census Tract 5512, Allegheny County, Pennsylvania",26897,2468,28438,3913,25882,15166,23824,17175,3611,19861,-,**,-,**
1400000US42003551300,42003551300,"Census Tract 5513, Allegheny County, Pennsylvania",33558,9547,34615,9398,44861,14647,-,**,-,**,6581,22185,20982,19673
1400000US42003551900,42003551900,"Census Tract 5519, Allegheny County, Pennsylvania",13549,3250,20034,9997,"2,500-",***,13421,10846,8750,8492,-,**,-,**
1400000US42003552000,42003552000,"Census Tract 5520, Allegheny County, Pennsylvania",25087,2609,25530,3251,26321,5536,29464,7875,13182,13426,-,**,-,**
1400000US42003552100,42003552100,"Census Tract 5521, Allegheny County, Pennsylvania",12574,6537,24886,3239,12206,10953,7708,5646,-,**,-,**,-,**
1400000US42003552200,42003552200,"Census Tract 5522, Allegheny County, Pennsylvania",20165,6319,21064,5052,25156,9182,11667,602,10600,6676,-,**,-,**
1400000US42003552300,42003552300,"Census Tract 5523, Allegheny County, Pennsylvania",23569,2264,24570,6509,31944,34014,12460,7172,24500,1329,23854,19222,-,**
1400000US42003552400,42003552400,"Census Tract 5524, Allegheny County, Pennsylvania",30574,5772,30556,5861,27368,32458,33208,14366,45296,55731,-,**,6528,3077
1400000US42003560400,42003560400,"Census Tract 5604, Allegheny County, Pennsylvania",27134,4852,27460,10043,8977,4822,29554,4929,24236,8672,26000,42063,11042,21727
1400000US42003560500,42003560500,"Census Tract 5605, Allegheny County, Pennsylvania",37663,3676,40054,3568,49479,23045,28363,3581,-,**,-,**,41250,12829
1400000US42003560600,42003560600,"Census Tract 5606, Allegheny County, Pennsylvania",26131,3697,30994,4052,28333,21891,19620,4804,-,**,-,**,15938,29859
1400000US42003561000,42003561000,"Census Tract 5610, Allegheny County, Pennsylvania",24288,2090,24896,4890,11131,17654,20429,9890,26458,21109,-,**,63889,1025
1400000US42003561100,42003561100,"Census Tract 5611, Allegheny County, Pennsylvania",16406,8826,22232,13211,30833,7532,14009,2403,-,**,-,**,-,**
1400000US42003561200,42003561200,"Census Tract 5612, Allegheny County, Pennsylvania",24236,3997,23299,5989,-,**,26118,22179,33523,20517,-,**,-,**
1400000US42003561400,42003561400,"Census Tract 5614, Allegheny County, Pennsylvania",31664,1998,37976,15757,30781,43587,26193,12231,-,**,-,**,22331,30720
1400000US42003561500,42003561500,"Census Tract 5615, Allegheny County, Pennsylvania",28855,3049,32542,8476,28239,7996,26674,5423,-,**,-,**,28750,20793
1400000US42003561600,42003561600,"Census Tract 5616, Allegheny County, Pennsylvania",24167,6918,30644,3143,23105,2462,18333,4662,21635,50295,15089,20959,-,**
1400000US42003561700,42003561700,"Census Tract 5617, Allegheny County, Pennsylvania",30897,2971,30900,6884,39063,8393,28750,20358,-,**,-,**,-,**
1400000US42003561900,42003561900,"Census Tract 5619, Allegheny County, Pennsylvania",29297,7953,34489,11704,27500,7761,31250,20400,-,**,18878,15507,-,**
1400000US42003562000,42003562000,"Census Tract 5620, Allegheny County, Pennsylvania",22079,5622,31791,29405,26458,360855,18095,6607,21050,3340,-,**,-,**
1400000US42003562300,42003562300,"Census Tract 5623, Allegheny County, Pennsylvania",23537,7454,31625,11393,18269,4792,13646,14017,8906,3266,-,**,-,**
1400000US42003562400,42003562400,"Census Tract 5624, Allegheny County, Pennsylvania",26557,3677,35397,3263,16625,14553,22849,13800,-,**,22102,22830,-,**
1400000US42003562500,42003562500,"Census Tract 5625, Allegheny County, Pennsylvania",27528,2224,27243,3013,30363,3530,12399,8641,-,**,-,**,28833,4323
1400000US42003562600,42003562600,"Census Tract 5626, Allegheny County, Pennsylvania",26982,3324,25820,4113,30583,6775,28750,24390,3750,53662,-,**,30833,152307
1400000US42003562700,42003562700,"Census Tract 5627, Allegheny County, Pennsylvania",35957,4452,45833,9412,36607,15943,34728,2772,28438,19101,-,**,16146,10299
1400000US42003562800,42003562800,"Census Tract 5628, Allegheny County, Pennsylvania",32786,4738,37014,5204,27625,10901,19609,22491,-,**,-,**,26845,14206
1400000US42003562900,42003562900,"Census Tract 5629, Allegheny County, Pennsylvania",24388,3801,24844,7789,21667,5946,29196,12862,-,**,60917,10679,40893,24282
1400000US42003563000,42003563000,"Census Tract 5630, Allegheny County, Pennsylvania",32045,1858,33948,3817,17237,22231,31389,4196,-,**,-,**,20500,12867
1400000US42003563100,42003563100,"Census Tract 5631, Allegheny County, Pennsylvania",31768,2915,37431,6356,17411,8766,24722,11726,6473,30697,-,**,28750,32928
1400000US42003563200,42003563200,"Census Tract 5632, Allegheny County, Pennsylvania",31994,5962,38897,8398,51250,61863,4655,6254,24938,7939,83438,161281,74063,50817
1400000US42003563300,42003563300,"Census Tract 5633, Allegheny County, Pennsylvania",62297,5177,62750,12175,62466,22081,-,**,-,**,113333,29294,15250,10888
1400000US42003563800,42003563800,"Census Tract 5638, Allegheny County, Pennsylvania",50094,6876,52679,7459,35469,10547,59375,14831,25114,31848,40625,60739,44519,10954
1400000US42003563900,42003563900,"Census Tract 5639, Allegheny County, Pennsylvania",38621,3522,37770,4254,33125,17674,51618,43317,10938,12087,-,**,61618,20414
1400000US42003564000,42003564000,"Census Tract 5640, Allegheny County, Pennsylvania",44911,7645,44576,6930,18698,6756,-,**,-,**,-,**,59180,98103
1400000US42003564100,42003564100,"Census Tract 5641, Allegheny County, Pennsylvania",59643,6688,63333,9966,43750,5701,30833,20049,7917,7329,58333,34435,81563,32935
1400000US42003564200,42003564200,"Census Tract 5642, Allegheny County, Pennsylvania",40814,7089,42094,6146,19271,16847,19722,57296,-,**,-,**,56136,4041
1400000US42003564400,42003564400,"Census Tract 5644, Allegheny County, Pennsylvania",35124,3967,37225,4223,22125,14338,51964,19904,-,**,-,**,70694,54404
1400000US42003564500,42003564500,"Census Tract 5645, Allegheny County, Pennsylvania",36155,4917,38828,7003,17287,8631,10469,33290,-,**,-,**,15536,28699
1400000US42003980000,42003980000,"Census Tract 9800, Allegheny County, Pennsylvania",81563,55794,95625,56247,-,**,-,**,-,**,-,**,-,**
1400000US42003980100,42003980100,"Census Tract 9801, Allegheny County, Pennsylvania",-,**,-,**,-,**,-,**,-,**,-,**,-,**
1400000US42003980300,42003980300,"Census Tract 9803, Allegheny County, Pennsylvania",-,**,-,**,-,**,-,**,-,**,-,**,-,**
1400000US42003980400,42003980400,"Census Tract 9804, Allegheny County, Pennsylvania",-,**,-,**,-,**,-,**,-,**,-,**,-,**
1400000US42003980500,42003980500,"Census Tract 9805, Allegheny County, Pennsylvania",-,**,-,**,-,**,-,**,-,**,-,**,-,**
1400000US42003980600,42003980600,"Census Tract 9806, Allegheny County, Pennsylvania",-,**,-,**,-,**,-,**,-,**,-,**,-,**
1400000US42003980700,42003980700,"Census Tract 9807, Allegheny County, Pennsylvania",36250,74529,-,**,-,**,-,**,-,**,-,**,-,**
1400000US42003980800,42003980800,"Census Tract 9808, Allegheny County, Pennsylvania",-,**,-,**,-,**,-,**,-,**,-,**,-,**
1400000US42003980900,42003980900,"Census Tract 9809, Allegheny County, Pennsylvania",-,**,-,**,-,**,-,**,-,**,-,**,-,**
1400000US42003981000,42003981000,"Census Tract 9810, Allegheny County, Pennsylvania",-,**,-,**,-,**,-,**,-,**,-,**,-,**
1400000US42003981100,42003981100,"Census Tract 9811, Allegheny County, Pennsylvania",-,**,-,**,-,**,-,**,-,**,-,**,-,**
1400000US42003981200,42003981200,"Census Tract 9812, Allegheny County, Pennsylvania",-,**,-,**,-,**,-,**,-,**,-,**,-,**
1400000US42003981800,42003981800,"Census Tract 9818, Allegheny County, Pennsylvania",7833,5468,-,**,8417,3778,-,**,-,**,-,**,3594,50968
1400000US42003982200,42003982200,"Census Tract 9822, Allegheny County, Pennsylvania",3313,675,4135,1399,4271,1391,"2,500-",***,3296,843,-,**,3958,6373
